WEEK_ENDING,MMWR_WEEK,MMWR_YEAR,,,"INSERT INTO MMWR (week_ending, mmwr_week, mmwr_year) VALUES ('WEEK_ENDING', MMWR_WEEK, MMWR_YEAR);"
1/4/2014,1,2014,,,"INSERT INTO MMWR (week_ending, mmwr_week, mmwr_year) VALUES ('1/4/2014', 1, 2014);"
1/11/2014,2,2014,,,"INSERT INTO MMWR (week_ending, mmwr_week, mmwr_year) VALUES ('1/11/2014', 2, 2014);"
1/18/2014,3,2014,,,"INSERT INTO MMWR (week_ending, mmwr_week, mmwr_year) VALUES ('1/18/2014', 3, 2014);"
1/25/2014,4,2014,,,"INSERT INTO MMWR (week_ending, mmwr_week, mmwr_year) VALUES ('1/25/2014', 4, 2014);"
2/1/2014,5,2014,,,"INSERT INTO MMWR (week_ending, mmwr_week, mmwr_year) VALUES ('2/1/2014', 5, 2014);"
2/8/2014,6,2014,,,"INSERT INTO MMWR (week_ending, mmwr_week, mmwr_year) VALUES ('2/8/2014', 6, 2014);"
2/15/2014,7,2014,,,"INSERT INTO MMWR (week_ending, mmwr_week, mmwr_year) VALUES ('2/15/2014', 7, 2014);"
2/22/2014,8,2014,,,"INSERT INTO MMWR (week_ending, mmwr_week, mmwr_year) VALUES ('2/22/2014', 8, 2014);"
3/1/2014,9,2014,,,"INSERT INTO MMWR (week_ending, mmwr_week, mmwr_year) VALUES ('3/1/2014', 9, 2014);"
3/8/2014,10,2014,,,"INSERT INTO MMWR (week_ending, mmwr_week, mmwr_year) VALUES ('3/8/2014', 10, 2014);"
3/15/2014,11,2014,,,"INSERT INTO MMWR (week_ending, mmwr_week, mmwr_year) VALUES ('3/15/2014', 11, 2014);"
3/22/2014,12,2014,,,"INSERT INTO MMWR (week_ending, mmwr_week, mmwr_year) VALUES ('3/22/2014', 12, 2014);"
3/29/2014,13,2014,,,"INSERT INTO MMWR (week_ending, mmwr_week, mmwr_year) VALUES ('3/29/2014', 13, 2014);"
4/5/2014,14,2014,,,"INSERT INTO MMWR (week_ending, mmwr_week, mmwr_year) VALUES ('4/5/2014', 14, 2014);"
4/12/2014,15,2014,,,"INSERT INTO MMWR (week_ending, mmwr_week, mmwr_year) VALUES ('4/12/2014', 15, 2014);"
4/19/2014,16,2014,,,"INSERT INTO MMWR (week_ending, mmwr_week, mmwr_year) VALUES ('4/19/2014', 16, 2014);"
4/26/2014,17,2014,,,"INSERT INTO MMWR (week_ending, mmwr_week, mmwr_year) VALUES ('4/26/2014', 17, 2014);"
5/3/2014,18,2014,,,"INSERT INTO MMWR (week_ending, mmwr_week, mmwr_year) VALUES ('5/3/2014', 18, 2014);"
5/10/2014,19,2014,,,"INSERT INTO MMWR (week_ending, mmwr_week, mmwr_year) VALUES ('5/10/2014', 19, 2014);"
5/17/2014,20,2014,,,"INSERT INTO MMWR (week_ending, mmwr_week, mmwr_year) VALUES ('5/17/2014', 20, 2014);"
5/24/2014,21,2014,,,"INSERT INTO MMWR (week_ending, mmwr_week, mmwr_year) VALUES ('5/24/2014', 21, 2014);"
5/31/2014,22,2014,,,"INSERT INTO MMWR (week_ending, mmwr_week, mmwr_year) VALUES ('5/31/2014', 22, 2014);"
6/7/2014,23,2014,,,"INSERT INTO MMWR (week_ending, mmwr_week, mmwr_year) VALUES ('6/7/2014', 23, 2014);"
6/14/2014,24,2014,,,"INSERT INTO MMWR (week_ending, mmwr_week, mmwr_year) VALUES ('6/14/2014', 24, 2014);"
6/21/2014,25,2014,,,"INSERT INTO MMWR (week_ending, mmwr_week, mmwr_year) VALUES ('6/21/2014', 25, 2014);"
6/28/2014,26,2014,,,"INSERT INTO MMWR (week_ending, mmwr_week, mmwr_year) VALUES ('6/28/2014', 26, 2014);"
7/5/2014,27,2014,,,"INSERT INTO MMWR (week_ending, mmwr_week, mmwr_year) VALUES ('7/5/2014', 27, 2014);"
7/12/2014,28,2014,,,"INSERT INTO MMWR (week_ending, mmwr_week, mmwr_year) VALUES ('7/12/2014', 28, 2014);"
7/19/2014,29,2014,,,"INSERT INTO MMWR (week_ending, mmwr_week, mmwr_year) VALUES ('7/19/2014', 29, 2014);"
7/26/2014,30,2014,,,"INSERT INTO MMWR (week_ending, mmwr_week, mmwr_year) VALUES ('7/26/2014', 30, 2014);"
8/2/2014,31,2014,,,"INSERT INTO MMWR (week_ending, mmwr_week, mmwr_year) VALUES ('8/2/2014', 31, 2014);"
8/9/2014,32,2014,,,"INSERT INTO MMWR (week_ending, mmwr_week, mmwr_year) VALUES ('8/9/2014', 32, 2014);"
8/16/2014,33,2014,,,"INSERT INTO MMWR (week_ending, mmwr_week, mmwr_year) VALUES ('8/16/2014', 33, 2014);"
8/23/2014,34,2014,,,"INSERT INTO MMWR (week_ending, mmwr_week, mmwr_year) VALUES ('8/23/2014', 34, 2014);"
8/30/2014,35,2014,,,"INSERT INTO MMWR (week_ending, mmwr_week, mmwr_year) VALUES ('8/30/2014', 35, 2014);"
9/6/2014,36,2014,,,"INSERT INTO MMWR (week_ending, mmwr_week, mmwr_year) VALUES ('9/6/2014', 36, 2014);"
9/13/2014,37,2014,,,"INSERT INTO MMWR (week_ending, mmwr_week, mmwr_year) VALUES ('9/13/2014', 37, 2014);"
9/20/2014,38,2014,,,"INSERT INTO MMWR (week_ending, mmwr_week, mmwr_year) VALUES ('9/20/2014', 38, 2014);"
9/27/2014,39,2014,,,"INSERT INTO MMWR (week_ending, mmwr_week, mmwr_year) VALUES ('9/27/2014', 39, 2014);"
10/4/2014,40,2014,,,"INSERT INTO MMWR (week_ending, mmwr_week, mmwr_year) VALUES ('10/4/2014', 40, 2014);"
10/11/2014,41,2014,,,"INSERT INTO MMWR (week_ending, mmwr_week, mmwr_year) VALUES ('10/11/2014', 41, 2014);"
10/18/2014,42,2014,,,"INSERT INTO MMWR (week_ending, mmwr_week, mmwr_year) VALUES ('10/18/2014', 42, 2014);"
10/25/2014,43,2014,,,"INSERT INTO MMWR (week_ending, mmwr_week, mmwr_year) VALUES ('10/25/2014', 43, 2014);"
11/1/2014,44,2014,,,"INSERT INTO MMWR (week_ending, mmwr_week, mmwr_year) VALUES ('11/1/2014', 44, 2014);"
11/8/2014,45,2014,,,"INSERT INTO MMWR (week_ending, mmwr_week, mmwr_year) VALUES ('11/8/2014', 45, 2014);"
11/15/2014,46,2014,,,"INSERT INTO MMWR (week_ending, mmwr_week, mmwr_year) VALUES ('11/15/2014', 46, 2014);"
11/22/2014,47,2014,,,"INSERT INTO MMWR (week_ending, mmwr_week, mmwr_year) VALUES ('11/22/2014', 47, 2014);"
11/29/2014,48,2014,,,"INSERT INTO MMWR (week_ending, mmwr_week, mmwr_year) VALUES ('11/29/2014', 48, 2014);"
12/6/2014,49,2014,,,"INSERT INTO MMWR (week_ending, mmwr_week, mmwr_year) VALUES ('12/6/2014', 49, 2014);"
12/13/2014,50,2014,,,"INSERT INTO MMWR (week_ending, mmwr_week, mmwr_year) VALUES ('12/13/2014', 50, 2014);"
12/20/2014,51,2014,,,"INSERT INTO MMWR (week_ending, mmwr_week, mmwr_year) VALUES ('12/20/2014', 51, 2014);"
12/27/2014,52,2014,,,"INSERT INTO MMWR (week_ending, mmwr_week, mmwr_year) VALUES ('12/27/2014', 52, 2014);"
1/3/2015,53,2014,,,"INSERT INTO MMWR (week_ending, mmwr_week, mmwr_year) VALUES ('1/3/2015', 53, 2014);"
1/10/2015,1,2015,,,"INSERT INTO MMWR (week_ending, mmwr_week, mmwr_year) VALUES ('1/10/2015', 1, 2015);"
1/17/2015,2,2015,,,"INSERT INTO MMWR (week_ending, mmwr_week, mmwr_year) VALUES ('1/17/2015', 2, 2015);"
1/24/2015,3,2015,,,"INSERT INTO MMWR (week_ending, mmwr_week, mmwr_year) VALUES ('1/24/2015', 3, 2015);"
1/31/2015,4,2015,,,"INSERT INTO MMWR (week_ending, mmwr_week, mmwr_year) VALUES ('1/31/2015', 4, 2015);"
2/7/2015,5,2015,,,"INSERT INTO MMWR (week_ending, mmwr_week, mmwr_year) VALUES ('2/7/2015', 5, 2015);"
2/14/2015,6,2015,,,"INSERT INTO MMWR (week_ending, mmwr_week, mmwr_year) VALUES ('2/14/2015', 6, 2015);"
2/21/2015,7,2015,,,"INSERT INTO MMWR (week_ending, mmwr_week, mmwr_year) VALUES ('2/21/2015', 7, 2015);"
2/28/2015,8,2015,,,"INSERT INTO MMWR (week_ending, mmwr_week, mmwr_year) VALUES ('2/28/2015', 8, 2015);"
3/7/2015,9,2015,,,"INSERT INTO MMWR (week_ending, mmwr_week, mmwr_year) VALUES ('3/7/2015', 9, 2015);"
3/14/2015,10,2015,,,"INSERT INTO MMWR (week_ending, mmwr_week, mmwr_year) VALUES ('3/14/2015', 10, 2015);"
3/21/2015,11,2015,,,"INSERT INTO MMWR (week_ending, mmwr_week, mmwr_year) VALUES ('3/21/2015', 11, 2015);"
3/28/2015,12,2015,,,"INSERT INTO MMWR (week_ending, mmwr_week, mmwr_year) VALUES ('3/28/2015', 12, 2015);"
4/4/2015,13,2015,,,"INSERT INTO MMWR (week_ending, mmwr_week, mmwr_year) VALUES ('4/4/2015', 13, 2015);"
4/11/2015,14,2015,,,"INSERT INTO MMWR (week_ending, mmwr_week, mmwr_year) VALUES ('4/11/2015', 14, 2015);"
4/18/2015,15,2015,,,"INSERT INTO MMWR (week_ending, mmwr_week, mmwr_year) VALUES ('4/18/2015', 15, 2015);"
4/25/2015,16,2015,,,"INSERT INTO MMWR (week_ending, mmwr_week, mmwr_year) VALUES ('4/25/2015', 16, 2015);"
5/2/2015,17,2015,,,"INSERT INTO MMWR (week_ending, mmwr_week, mmwr_year) VALUES ('5/2/2015', 17, 2015);"
5/9/2015,18,2015,,,"INSERT INTO MMWR (week_ending, mmwr_week, mmwr_year) VALUES ('5/9/2015', 18, 2015);"
5/16/2015,19,2015,,,"INSERT INTO MMWR (week_ending, mmwr_week, mmwr_year) VALUES ('5/16/2015', 19, 2015);"
5/23/2015,20,2015,,,"INSERT INTO MMWR (week_ending, mmwr_week, mmwr_year) VALUES ('5/23/2015', 20, 2015);"
5/30/2015,21,2015,,,"INSERT INTO MMWR (week_ending, mmwr_week, mmwr_year) VALUES ('5/30/2015', 21, 2015);"
6/6/2015,22,2015,,,"INSERT INTO MMWR (week_ending, mmwr_week, mmwr_year) VALUES ('6/6/2015', 22, 2015);"
6/13/2015,23,2015,,,"INSERT INTO MMWR (week_ending, mmwr_week, mmwr_year) VALUES ('6/13/2015', 23, 2015);"
6/20/2015,24,2015,,,"INSERT INTO MMWR (week_ending, mmwr_week, mmwr_year) VALUES ('6/20/2015', 24, 2015);"
6/27/2015,25,2015,,,"INSERT INTO MMWR (week_ending, mmwr_week, mmwr_year) VALUES ('6/27/2015', 25, 2015);"
7/4/2015,26,2015,,,"INSERT INTO MMWR (week_ending, mmwr_week, mmwr_year) VALUES ('7/4/2015', 26, 2015);"
7/11/2015,27,2015,,,"INSERT INTO MMWR (week_ending, mmwr_week, mmwr_year) VALUES ('7/11/2015', 27, 2015);"
7/18/2015,28,2015,,,"INSERT INTO MMWR (week_ending, mmwr_week, mmwr_year) VALUES ('7/18/2015', 28, 2015);"
7/25/2015,29,2015,,,"INSERT INTO MMWR (week_ending, mmwr_week, mmwr_year) VALUES ('7/25/2015', 29, 2015);"
8/1/2015,30,2015,,,"INSERT INTO MMWR (week_ending, mmwr_week, mmwr_year) VALUES ('8/1/2015', 30, 2015);"
8/8/2015,31,2015,,,"INSERT INTO MMWR (week_ending, mmwr_week, mmwr_year) VALUES ('8/8/2015', 31, 2015);"
8/15/2015,32,2015,,,"INSERT INTO MMWR (week_ending, mmwr_week, mmwr_year) VALUES ('8/15/2015', 32, 2015);"
8/22/2015,33,2015,,,"INSERT INTO MMWR (week_ending, mmwr_week, mmwr_year) VALUES ('8/22/2015', 33, 2015);"
8/29/2015,34,2015,,,"INSERT INTO MMWR (week_ending, mmwr_week, mmwr_year) VALUES ('8/29/2015', 34, 2015);"
9/5/2015,35,2015,,,"INSERT INTO MMWR (week_ending, mmwr_week, mmwr_year) VALUES ('9/5/2015', 35, 2015);"
9/12/2015,36,2015,,,"INSERT INTO MMWR (week_ending, mmwr_week, mmwr_year) VALUES ('9/12/2015', 36, 2015);"
9/19/2015,37,2015,,,"INSERT INTO MMWR (week_ending, mmwr_week, mmwr_year) VALUES ('9/19/2015', 37, 2015);"
9/26/2015,38,2015,,,"INSERT INTO MMWR (week_ending, mmwr_week, mmwr_year) VALUES ('9/26/2015', 38, 2015);"
10/3/2015,39,2015,,,"INSERT INTO MMWR (week_ending, mmwr_week, mmwr_year) VALUES ('10/3/2015', 39, 2015);"
10/10/2015,40,2015,,,"INSERT INTO MMWR (week_ending, mmwr_week, mmwr_year) VALUES ('10/10/2015', 40, 2015);"
10/17/2015,41,2015,,,"INSERT INTO MMWR (week_ending, mmwr_week, mmwr_year) VALUES ('10/17/2015', 41, 2015);"
10/24/2015,42,2015,,,"INSERT INTO MMWR (week_ending, mmwr_week, mmwr_year) VALUES ('10/24/2015', 42, 2015);"
10/31/2015,43,2015,,,"INSERT INTO MMWR (week_ending, mmwr_week, mmwr_year) VALUES ('10/31/2015', 43, 2015);"
11/7/2015,44,2015,,,"INSERT INTO MMWR (week_ending, mmwr_week, mmwr_year) VALUES ('11/7/2015', 44, 2015);"
11/14/2015,45,2015,,,"INSERT INTO MMWR (week_ending, mmwr_week, mmwr_year) VALUES ('11/14/2015', 45, 2015);"
11/21/2015,46,2015,,,"INSERT INTO MMWR (week_ending, mmwr_week, mmwr_year) VALUES ('11/21/2015', 46, 2015);"
11/28/2015,47,2015,,,"INSERT INTO MMWR (week_ending, mmwr_week, mmwr_year) VALUES ('11/28/2015', 47, 2015);"
12/5/2015,48,2015,,,"INSERT INTO MMWR (week_ending, mmwr_week, mmwr_year) VALUES ('12/5/2015', 48, 2015);"
12/12/2015,49,2015,,,"INSERT INTO MMWR (week_ending, mmwr_week, mmwr_year) VALUES ('12/12/2015', 49, 2015);"
12/19/2015,50,2015,,,"INSERT INTO MMWR (week_ending, mmwr_week, mmwr_year) VALUES ('12/19/2015', 50, 2015);"
12/26/2015,51,2015,,,"INSERT INTO MMWR (week_ending, mmwr_week, mmwr_year) VALUES ('12/26/2015', 51, 2015);"
1/2/2016,52,2015,,,"INSERT INTO MMWR (week_ending, mmwr_week, mmwr_year) VALUES ('1/2/2016', 52, 2015);"
1/9/2016,1,2016,,,"INSERT INTO MMWR (week_ending, mmwr_week, mmwr_year) VALUES ('1/9/2016', 1, 2016);"
1/16/2016,2,2016,,,"INSERT INTO MMWR (week_ending, mmwr_week, mmwr_year) VALUES ('1/16/2016', 2, 2016);"
1/23/2016,3,2016,,,"INSERT INTO MMWR (week_ending, mmwr_week, mmwr_year) VALUES ('1/23/2016', 3, 2016);"
1/30/2016,4,2016,,,"INSERT INTO MMWR (week_ending, mmwr_week, mmwr_year) VALUES ('1/30/2016', 4, 2016);"
2/6/2016,5,2016,,,"INSERT INTO MMWR (week_ending, mmwr_week, mmwr_year) VALUES ('2/6/2016', 5, 2016);"
2/13/2016,6,2016,,,"INSERT INTO MMWR (week_ending, mmwr_week, mmwr_year) VALUES ('2/13/2016', 6, 2016);"
2/20/2016,7,2016,,,"INSERT INTO MMWR (week_ending, mmwr_week, mmwr_year) VALUES ('2/20/2016', 7, 2016);"
2/27/2016,8,2016,,,"INSERT INTO MMWR (week_ending, mmwr_week, mmwr_year) VALUES ('2/27/2016', 8, 2016);"
3/5/2016,9,2016,,,"INSERT INTO MMWR (week_ending, mmwr_week, mmwr_year) VALUES ('3/5/2016', 9, 2016);"
3/12/2016,10,2016,,,"INSERT INTO MMWR (week_ending, mmwr_week, mmwr_year) VALUES ('3/12/2016', 10, 2016);"
3/19/2016,11,2016,,,"INSERT INTO MMWR (week_ending, mmwr_week, mmwr_year) VALUES ('3/19/2016', 11, 2016);"
3/26/2016,12,2016,,,"INSERT INTO MMWR (week_ending, mmwr_week, mmwr_year) VALUES ('3/26/2016', 12, 2016);"
4/2/2016,13,2016,,,"INSERT INTO MMWR (week_ending, mmwr_week, mmwr_year) VALUES ('4/2/2016', 13, 2016);"
4/9/2016,14,2016,,,"INSERT INTO MMWR (week_ending, mmwr_week, mmwr_year) VALUES ('4/9/2016', 14, 2016);"
4/16/2016,15,2016,,,"INSERT INTO MMWR (week_ending, mmwr_week, mmwr_year) VALUES ('4/16/2016', 15, 2016);"
4/23/2016,16,2016,,,"INSERT INTO MMWR (week_ending, mmwr_week, mmwr_year) VALUES ('4/23/2016', 16, 2016);"
4/30/2016,17,2016,,,"INSERT INTO MMWR (week_ending, mmwr_week, mmwr_year) VALUES ('4/30/2016', 17, 2016);"
5/7/2016,18,2016,,,"INSERT INTO MMWR (week_ending, mmwr_week, mmwr_year) VALUES ('5/7/2016', 18, 2016);"
5/14/2016,19,2016,,,"INSERT INTO MMWR (week_ending, mmwr_week, mmwr_year) VALUES ('5/14/2016', 19, 2016);"
5/21/2016,20,2016,,,"INSERT INTO MMWR (week_ending, mmwr_week, mmwr_year) VALUES ('5/21/2016', 20, 2016);"
5/28/2016,21,2016,,,"INSERT INTO MMWR (week_ending, mmwr_week, mmwr_year) VALUES ('5/28/2016', 21, 2016);"
6/4/2016,22,2016,,,"INSERT INTO MMWR (week_ending, mmwr_week, mmwr_year) VALUES ('6/4/2016', 22, 2016);"
6/11/2016,23,2016,,,"INSERT INTO MMWR (week_ending, mmwr_week, mmwr_year) VALUES ('6/11/2016', 23, 2016);"
6/18/2016,24,2016,,,"INSERT INTO MMWR (week_ending, mmwr_week, mmwr_year) VALUES ('6/18/2016', 24, 2016);"
6/25/2016,25,2016,,,"INSERT INTO MMWR (week_ending, mmwr_week, mmwr_year) VALUES ('6/25/2016', 25, 2016);"
7/2/2016,26,2016,,,"INSERT INTO MMWR (week_ending, mmwr_week, mmwr_year) VALUES ('7/2/2016', 26, 2016);"
7/9/2016,27,2016,,,"INSERT INTO MMWR (week_ending, mmwr_week, mmwr_year) VALUES ('7/9/2016', 27, 2016);"
7/16/2016,28,2016,,,"INSERT INTO MMWR (week_ending, mmwr_week, mmwr_year) VALUES ('7/16/2016', 28, 2016);"
7/23/2016,29,2016,,,"INSERT INTO MMWR (week_ending, mmwr_week, mmwr_year) VALUES ('7/23/2016', 29, 2016);"
7/30/2016,30,2016,,,"INSERT INTO MMWR (week_ending, mmwr_week, mmwr_year) VALUES ('7/30/2016', 30, 2016);"
8/6/2016,31,2016,,,"INSERT INTO MMWR (week_ending, mmwr_week, mmwr_year) VALUES ('8/6/2016', 31, 2016);"
8/13/2016,32,2016,,,"INSERT INTO MMWR (week_ending, mmwr_week, mmwr_year) VALUES ('8/13/2016', 32, 2016);"
8/20/2016,33,2016,,,"INSERT INTO MMWR (week_ending, mmwr_week, mmwr_year) VALUES ('8/20/2016', 33, 2016);"
8/27/2016,34,2016,,,"INSERT INTO MMWR (week_ending, mmwr_week, mmwr_year) VALUES ('8/27/2016', 34, 2016);"
9/3/2016,35,2016,,,"INSERT INTO MMWR (week_ending, mmwr_week, mmwr_year) VALUES ('9/3/2016', 35, 2016);"
9/10/2016,36,2016,,,"INSERT INTO MMWR (week_ending, mmwr_week, mmwr_year) VALUES ('9/10/2016', 36, 2016);"
9/17/2016,37,2016,,,"INSERT INTO MMWR (week_ending, mmwr_week, mmwr_year) VALUES ('9/17/2016', 37, 2016);"
9/24/2016,38,2016,,,"INSERT INTO MMWR (week_ending, mmwr_week, mmwr_year) VALUES ('9/24/2016', 38, 2016);"
10/1/2016,39,2016,,,"INSERT INTO MMWR (week_ending, mmwr_week, mmwr_year) VALUES ('10/1/2016', 39, 2016);"
10/8/2016,40,2016,,,"INSERT INTO MMWR (week_ending, mmwr_week, mmwr_year) VALUES ('10/8/2016', 40, 2016);"
10/15/2016,41,2016,,,"INSERT INTO MMWR (week_ending, mmwr_week, mmwr_year) VALUES ('10/15/2016', 41, 2016);"
10/22/2016,42,2016,,,"INSERT INTO MMWR (week_ending, mmwr_week, mmwr_year) VALUES ('10/22/2016', 42, 2016);"
10/29/2016,43,2016,,,"INSERT INTO MMWR (week_ending, mmwr_week, mmwr_year) VALUES ('10/29/2016', 43, 2016);"
11/5/2016,44,2016,,,"INSERT INTO MMWR (week_ending, mmwr_week, mmwr_year) VALUES ('11/5/2016', 44, 2016);"
11/12/2016,45,2016,,,"INSERT INTO MMWR (week_ending, mmwr_week, mmwr_year) VALUES ('11/12/2016', 45, 2016);"
11/19/2016,46,2016,,,"INSERT INTO MMWR (week_ending, mmwr_week, mmwr_year) VALUES ('11/19/2016', 46, 2016);"
11/26/2016,47,2016,,,"INSERT INTO MMWR (week_ending, mmwr_week, mmwr_year) VALUES ('11/26/2016', 47, 2016);"
12/3/2016,48,2016,,,"INSERT INTO MMWR (week_ending, mmwr_week, mmwr_year) VALUES ('12/3/2016', 48, 2016);"
12/10/2016,49,2016,,,"INSERT INTO MMWR (week_ending, mmwr_week, mmwr_year) VALUES ('12/10/2016', 49, 2016);"
12/17/2016,50,2016,,,"INSERT INTO MMWR (week_ending, mmwr_week, mmwr_year) VALUES ('12/17/2016', 50, 2016);"
12/24/2016,51,2016,,,"INSERT INTO MMWR (week_ending, mmwr_week, mmwr_year) VALUES ('12/24/2016', 51, 2016);"
12/31/2016,52,2016,,,"INSERT INTO MMWR (week_ending, mmwr_week, mmwr_year) VALUES ('12/31/2016', 52, 2016);"
1/7/2017,1,2017,,,"INSERT INTO MMWR (week_ending, mmwr_week, mmwr_year) VALUES ('1/7/2017', 1, 2017);"
1/14/2017,2,2017,,,"INSERT INTO MMWR (week_ending, mmwr_week, mmwr_year) VALUES ('1/14/2017', 2, 2017);"
1/21/2017,3,2017,,,"INSERT INTO MMWR (week_ending, mmwr_week, mmwr_year) VALUES ('1/21/2017', 3, 2017);"
1/28/2017,4,2017,,,"INSERT INTO MMWR (week_ending, mmwr_week, mmwr_year) VALUES ('1/28/2017', 4, 2017);"
2/4/2017,5,2017,,,"INSERT INTO MMWR (week_ending, mmwr_week, mmwr_year) VALUES ('2/4/2017', 5, 2017);"
2/11/2017,6,2017,,,"INSERT INTO MMWR (week_ending, mmwr_week, mmwr_year) VALUES ('2/11/2017', 6, 2017);"
2/18/2017,7,2017,,,"INSERT INTO MMWR (week_ending, mmwr_week, mmwr_year) VALUES ('2/18/2017', 7, 2017);"
2/25/2017,8,2017,,,"INSERT INTO MMWR (week_ending, mmwr_week, mmwr_year) VALUES ('2/25/2017', 8, 2017);"
3/4/2017,9,2017,,,"INSERT INTO MMWR (week_ending, mmwr_week, mmwr_year) VALUES ('3/4/2017', 9, 2017);"
3/11/2017,10,2017,,,"INSERT INTO MMWR (week_ending, mmwr_week, mmwr_year) VALUES ('3/11/2017', 10, 2017);"
3/18/2017,11,2017,,,"INSERT INTO MMWR (week_ending, mmwr_week, mmwr_year) VALUES ('3/18/2017', 11, 2017);"
3/25/2017,12,2017,,,"INSERT INTO MMWR (week_ending, mmwr_week, mmwr_year) VALUES ('3/25/2017', 12, 2017);"
4/1/2017,13,2017,,,"INSERT INTO MMWR (week_ending, mmwr_week, mmwr_year) VALUES ('4/1/2017', 13, 2017);"
4/8/2017,14,2017,,,"INSERT INTO MMWR (week_ending, mmwr_week, mmwr_year) VALUES ('4/8/2017', 14, 2017);"
4/15/2017,15,2017,,,"INSERT INTO MMWR (week_ending, mmwr_week, mmwr_year) VALUES ('4/15/2017', 15, 2017);"
4/22/2017,16,2017,,,"INSERT INTO MMWR (week_ending, mmwr_week, mmwr_year) VALUES ('4/22/2017', 16, 2017);"
4/29/2017,17,2017,,,"INSERT INTO MMWR (week_ending, mmwr_week, mmwr_year) VALUES ('4/29/2017', 17, 2017);"
5/6/2017,18,2017,,,"INSERT INTO MMWR (week_ending, mmwr_week, mmwr_year) VALUES ('5/6/2017', 18, 2017);"
5/13/2017,19,2017,,,"INSERT INTO MMWR (week_ending, mmwr_week, mmwr_year) VALUES ('5/13/2017', 19, 2017);"
5/20/2017,20,2017,,,"INSERT INTO MMWR (week_ending, mmwr_week, mmwr_year) VALUES ('5/20/2017', 20, 2017);"
5/27/2017,21,2017,,,"INSERT INTO MMWR (week_ending, mmwr_week, mmwr_year) VALUES ('5/27/2017', 21, 2017);"
6/3/2017,22,2017,,,"INSERT INTO MMWR (week_ending, mmwr_week, mmwr_year) VALUES ('6/3/2017', 22, 2017);"
6/10/2017,23,2017,,,"INSERT INTO MMWR (week_ending, mmwr_week, mmwr_year) VALUES ('6/10/2017', 23, 2017);"
6/17/2017,24,2017,,,"INSERT INTO MMWR (week_ending, mmwr_week, mmwr_year) VALUES ('6/17/2017', 24, 2017);"
6/24/2017,25,2017,,,"INSERT INTO MMWR (week_ending, mmwr_week, mmwr_year) VALUES ('6/24/2017', 25, 2017);"
7/1/2017,26,2017,,,"INSERT INTO MMWR (week_ending, mmwr_week, mmwr_year) VALUES ('7/1/2017', 26, 2017);"
7/8/2017,27,2017,,,"INSERT INTO MMWR (week_ending, mmwr_week, mmwr_year) VALUES ('7/8/2017', 27, 2017);"
7/15/2017,28,2017,,,"INSERT INTO MMWR (week_ending, mmwr_week, mmwr_year) VALUES ('7/15/2017', 28, 2017);"
7/22/2017,29,2017,,,"INSERT INTO MMWR (week_ending, mmwr_week, mmwr_year) VALUES ('7/22/2017', 29, 2017);"
7/29/2017,30,2017,,,"INSERT INTO MMWR (week_ending, mmwr_week, mmwr_year) VALUES ('7/29/2017', 30, 2017);"
8/5/2017,31,2017,,,"INSERT INTO MMWR (week_ending, mmwr_week, mmwr_year) VALUES ('8/5/2017', 31, 2017);"
8/12/2017,32,2017,,,"INSERT INTO MMWR (week_ending, mmwr_week, mmwr_year) VALUES ('8/12/2017', 32, 2017);"
8/19/2017,33,2017,,,"INSERT INTO MMWR (week_ending, mmwr_week, mmwr_year) VALUES ('8/19/2017', 33, 2017);"
8/26/2017,34,2017,,,"INSERT INTO MMWR (week_ending, mmwr_week, mmwr_year) VALUES ('8/26/2017', 34, 2017);"
9/2/2017,35,2017,,,"INSERT INTO MMWR (week_ending, mmwr_week, mmwr_year) VALUES ('9/2/2017', 35, 2017);"
9/9/2017,36,2017,,,"INSERT INTO MMWR (week_ending, mmwr_week, mmwr_year) VALUES ('9/9/2017', 36, 2017);"
9/16/2017,37,2017,,,"INSERT INTO MMWR (week_ending, mmwr_week, mmwr_year) VALUES ('9/16/2017', 37, 2017);"
9/23/2017,38,2017,,,"INSERT INTO MMWR (week_ending, mmwr_week, mmwr_year) VALUES ('9/23/2017', 38, 2017);"
9/30/2017,39,2017,,,"INSERT INTO MMWR (week_ending, mmwr_week, mmwr_year) VALUES ('9/30/2017', 39, 2017);"
10/7/2017,40,2017,,,"INSERT INTO MMWR (week_ending, mmwr_week, mmwr_year) VALUES ('10/7/2017', 40, 2017);"
10/14/2017,41,2017,,,"INSERT INTO MMWR (week_ending, mmwr_week, mmwr_year) VALUES ('10/14/2017', 41, 2017);"
10/21/2017,42,2017,,,"INSERT INTO MMWR (week_ending, mmwr_week, mmwr_year) VALUES ('10/21/2017', 42, 2017);"
10/28/2017,43,2017,,,"INSERT INTO MMWR (week_ending, mmwr_week, mmwr_year) VALUES ('10/28/2017', 43, 2017);"
11/4/2017,44,2017,,,"INSERT INTO MMWR (week_ending, mmwr_week, mmwr_year) VALUES ('11/4/2017', 44, 2017);"
11/11/2017,45,2017,,,"INSERT INTO MMWR (week_ending, mmwr_week, mmwr_year) VALUES ('11/11/2017', 45, 2017);"
11/18/2017,46,2017,,,"INSERT INTO MMWR (week_ending, mmwr_week, mmwr_year) VALUES ('11/18/2017', 46, 2017);"
11/25/2017,47,2017,,,"INSERT INTO MMWR (week_ending, mmwr_week, mmwr_year) VALUES ('11/25/2017', 47, 2017);"
12/2/2017,48,2017,,,"INSERT INTO MMWR (week_ending, mmwr_week, mmwr_year) VALUES ('12/2/2017', 48, 2017);"
12/9/2017,49,2017,,,"INSERT INTO MMWR (week_ending, mmwr_week, mmwr_year) VALUES ('12/9/2017', 49, 2017);"
12/16/2017,50,2017,,,"INSERT INTO MMWR (week_ending, mmwr_week, mmwr_year) VALUES ('12/16/2017', 50, 2017);"
12/23/2017,51,2017,,,"INSERT INTO MMWR (week_ending, mmwr_week, mmwr_year) VALUES ('12/23/2017', 51, 2017);"
12/30/2017,52,2017,,,"INSERT INTO MMWR (week_ending, mmwr_week, mmwr_year) VALUES ('12/30/2017', 52, 2017);"
1/6/2018,1,2018,,,"INSERT INTO MMWR (week_ending, mmwr_week, mmwr_year) VALUES ('1/6/2018', 1, 2018);"
1/13/2018,2,2018,,,"INSERT INTO MMWR (week_ending, mmwr_week, mmwr_year) VALUES ('1/13/2018', 2, 2018);"
1/20/2018,3,2018,,,"INSERT INTO MMWR (week_ending, mmwr_week, mmwr_year) VALUES ('1/20/2018', 3, 2018);"
1/27/2018,4,2018,,,"INSERT INTO MMWR (week_ending, mmwr_week, mmwr_year) VALUES ('1/27/2018', 4, 2018);"
2/3/2018,5,2018,,,"INSERT INTO MMWR (week_ending, mmwr_week, mmwr_year) VALUES ('2/3/2018', 5, 2018);"
2/10/2018,6,2018,,,"INSERT INTO MMWR (week_ending, mmwr_week, mmwr_year) VALUES ('2/10/2018', 6, 2018);"
2/17/2018,7,2018,,,"INSERT INTO MMWR (week_ending, mmwr_week, mmwr_year) VALUES ('2/17/2018', 7, 2018);"
2/24/2018,8,2018,,,"INSERT INTO MMWR (week_ending, mmwr_week, mmwr_year) VALUES ('2/24/2018', 8, 2018);"
3/3/2018,9,2018,,,"INSERT INTO MMWR (week_ending, mmwr_week, mmwr_year) VALUES ('3/3/2018', 9, 2018);"
3/10/2018,10,2018,,,"INSERT INTO MMWR (week_ending, mmwr_week, mmwr_year) VALUES ('3/10/2018', 10, 2018);"
3/17/2018,11,2018,,,"INSERT INTO MMWR (week_ending, mmwr_week, mmwr_year) VALUES ('3/17/2018', 11, 2018);"
3/24/2018,12,2018,,,"INSERT INTO MMWR (week_ending, mmwr_week, mmwr_year) VALUES ('3/24/2018', 12, 2018);"
3/31/2018,13,2018,,,"INSERT INTO MMWR (week_ending, mmwr_week, mmwr_year) VALUES ('3/31/2018', 13, 2018);"
4/7/2018,14,2018,,,"INSERT INTO MMWR (week_ending, mmwr_week, mmwr_year) VALUES ('4/7/2018', 14, 2018);"
4/14/2018,15,2018,,,"INSERT INTO MMWR (week_ending, mmwr_week, mmwr_year) VALUES ('4/14/2018', 15, 2018);"
4/21/2018,16,2018,,,"INSERT INTO MMWR (week_ending, mmwr_week, mmwr_year) VALUES ('4/21/2018', 16, 2018);"
4/28/2018,17,2018,,,"INSERT INTO MMWR (week_ending, mmwr_week, mmwr_year) VALUES ('4/28/2018', 17, 2018);"
5/5/2018,18,2018,,,"INSERT INTO MMWR (week_ending, mmwr_week, mmwr_year) VALUES ('5/5/2018', 18, 2018);"
5/12/2018,19,2018,,,"INSERT INTO MMWR (week_ending, mmwr_week, mmwr_year) VALUES ('5/12/2018', 19, 2018);"
5/19/2018,20,2018,,,"INSERT INTO MMWR (week_ending, mmwr_week, mmwr_year) VALUES ('5/19/2018', 20, 2018);"
5/26/2018,21,2018,,,"INSERT INTO MMWR (week_ending, mmwr_week, mmwr_year) VALUES ('5/26/2018', 21, 2018);"
6/2/2018,22,2018,,,"INSERT INTO MMWR (week_ending, mmwr_week, mmwr_year) VALUES ('6/2/2018', 22, 2018);"
6/9/2018,23,2018,,,"INSERT INTO MMWR (week_ending, mmwr_week, mmwr_year) VALUES ('6/9/2018', 23, 2018);"
6/16/2018,24,2018,,,"INSERT INTO MMWR (week_ending, mmwr_week, mmwr_year) VALUES ('6/16/2018', 24, 2018);"
6/23/2018,25,2018,,,"INSERT INTO MMWR (week_ending, mmwr_week, mmwr_year) VALUES ('6/23/2018', 25, 2018);"
6/30/2018,26,2018,,,"INSERT INTO MMWR (week_ending, mmwr_week, mmwr_year) VALUES ('6/30/2018', 26, 2018);"
7/7/2018,27,2018,,,"INSERT INTO MMWR (week_ending, mmwr_week, mmwr_year) VALUES ('7/7/2018', 27, 2018);"
7/14/2018,28,2018,,,"INSERT INTO MMWR (week_ending, mmwr_week, mmwr_year) VALUES ('7/14/2018', 28, 2018);"
7/21/2018,29,2018,,,"INSERT INTO MMWR (week_ending, mmwr_week, mmwr_year) VALUES ('7/21/2018', 29, 2018);"
7/28/2018,30,2018,,,"INSERT INTO MMWR (week_ending, mmwr_week, mmwr_year) VALUES ('7/28/2018', 30, 2018);"
8/4/2018,31,2018,,,"INSERT INTO MMWR (week_ending, mmwr_week, mmwr_year) VALUES ('8/4/2018', 31, 2018);"
8/11/2018,32,2018,,,"INSERT INTO MMWR (week_ending, mmwr_week, mmwr_year) VALUES ('8/11/2018', 32, 2018);"
8/18/2018,33,2018,,,"INSERT INTO MMWR (week_ending, mmwr_week, mmwr_year) VALUES ('8/18/2018', 33, 2018);"
8/25/2018,34,2018,,,"INSERT INTO MMWR (week_ending, mmwr_week, mmwr_year) VALUES ('8/25/2018', 34, 2018);"
9/1/2018,35,2018,,,"INSERT INTO MMWR (week_ending, mmwr_week, mmwr_year) VALUES ('9/1/2018', 35, 2018);"
9/8/2018,36,2018,,,"INSERT INTO MMWR (week_ending, mmwr_week, mmwr_year) VALUES ('9/8/2018', 36, 2018);"
9/15/2018,37,2018,,,"INSERT INTO MMWR (week_ending, mmwr_week, mmwr_year) VALUES ('9/15/2018', 37, 2018);"
9/22/2018,38,2018,,,"INSERT INTO MMWR (week_ending, mmwr_week, mmwr_year) VALUES ('9/22/2018', 38, 2018);"
9/29/2018,39,2018,,,"INSERT INTO MMWR (week_ending, mmwr_week, mmwr_year) VALUES ('9/29/2018', 39, 2018);"
10/6/2018,40,2018,,,"INSERT INTO MMWR (week_ending, mmwr_week, mmwr_year) VALUES ('10/6/2018', 40, 2018);"
10/13/2018,41,2018,,,"INSERT INTO MMWR (week_ending, mmwr_week, mmwr_year) VALUES ('10/13/2018', 41, 2018);"
10/20/2018,42,2018,,,"INSERT INTO MMWR (week_ending, mmwr_week, mmwr_year) VALUES ('10/20/2018', 42, 2018);"
10/27/2018,43,2018,,,"INSERT INTO MMWR (week_ending, mmwr_week, mmwr_year) VALUES ('10/27/2018', 43, 2018);"
11/3/2018,44,2018,,,"INSERT INTO MMWR (week_ending, mmwr_week, mmwr_year) VALUES ('11/3/2018', 44, 2018);"
11/10/2018,45,2018,,,"INSERT INTO MMWR (week_ending, mmwr_week, mmwr_year) VALUES ('11/10/2018', 45, 2018);"
11/17/2018,46,2018,,,"INSERT INTO MMWR (week_ending, mmwr_week, mmwr_year) VALUES ('11/17/2018', 46, 2018);"
11/24/2018,47,2018,,,"INSERT INTO MMWR (week_ending, mmwr_week, mmwr_year) VALUES ('11/24/2018', 47, 2018);"
12/1/2018,48,2018,,,"INSERT INTO MMWR (week_ending, mmwr_week, mmwr_year) VALUES ('12/1/2018', 48, 2018);"
12/8/2018,49,2018,,,"INSERT INTO MMWR (week_ending, mmwr_week, mmwr_year) VALUES ('12/8/2018', 49, 2018);"
12/15/2018,50,2018,,,"INSERT INTO MMWR (week_ending, mmwr_week, mmwr_year) VALUES ('12/15/2018', 50, 2018);"
12/22/2018,51,2018,,,"INSERT INTO MMWR (week_ending, mmwr_week, mmwr_year) VALUES ('12/22/2018', 51, 2018);"
12/29/2018,52,2018,,,"INSERT INTO MMWR (week_ending, mmwr_week, mmwr_year) VALUES ('12/29/2018', 52, 2018);"
1/5/2019,1,2019,,,"INSERT INTO MMWR (week_ending, mmwr_week, mmwr_year) VALUES ('1/5/2019', 1, 2019);"
1/12/2019,2,2019,,,"INSERT INTO MMWR (week_ending, mmwr_week, mmwr_year) VALUES ('1/12/2019', 2, 2019);"
1/19/2019,3,2019,,,"INSERT INTO MMWR (week_ending, mmwr_week, mmwr_year) VALUES ('1/19/2019', 3, 2019);"
1/26/2019,4,2019,,,"INSERT INTO MMWR (week_ending, mmwr_week, mmwr_year) VALUES ('1/26/2019', 4, 2019);"
2/2/2019,5,2019,,,"INSERT INTO MMWR (week_ending, mmwr_week, mmwr_year) VALUES ('2/2/2019', 5, 2019);"
2/9/2019,6,2019,,,"INSERT INTO MMWR (week_ending, mmwr_week, mmwr_year) VALUES ('2/9/2019', 6, 2019);"
2/16/2019,7,2019,,,"INSERT INTO MMWR (week_ending, mmwr_week, mmwr_year) VALUES ('2/16/2019', 7, 2019);"
2/23/2019,8,2019,,,"INSERT INTO MMWR (week_ending, mmwr_week, mmwr_year) VALUES ('2/23/2019', 8, 2019);"
3/2/2019,9,2019,,,"INSERT INTO MMWR (week_ending, mmwr_week, mmwr_year) VALUES ('3/2/2019', 9, 2019);"
3/9/2019,10,2019,,,"INSERT INTO MMWR (week_ending, mmwr_week, mmwr_year) VALUES ('3/9/2019', 10, 2019);"
3/16/2019,11,2019,,,"INSERT INTO MMWR (week_ending, mmwr_week, mmwr_year) VALUES ('3/16/2019', 11, 2019);"
3/23/2019,12,2019,,,"INSERT INTO MMWR (week_ending, mmwr_week, mmwr_year) VALUES ('3/23/2019', 12, 2019);"
3/30/2019,13,2019,,,"INSERT INTO MMWR (week_ending, mmwr_week, mmwr_year) VALUES ('3/30/2019', 13, 2019);"
4/6/2019,14,2019,,,"INSERT INTO MMWR (week_ending, mmwr_week, mmwr_year) VALUES ('4/6/2019', 14, 2019);"
4/13/2019,15,2019,,,"INSERT INTO MMWR (week_ending, mmwr_week, mmwr_year) VALUES ('4/13/2019', 15, 2019);"
4/20/2019,16,2019,,,"INSERT INTO MMWR (week_ending, mmwr_week, mmwr_year) VALUES ('4/20/2019', 16, 2019);"
4/27/2019,17,2019,,,"INSERT INTO MMWR (week_ending, mmwr_week, mmwr_year) VALUES ('4/27/2019', 17, 2019);"
5/4/2019,18,2019,,,"INSERT INTO MMWR (week_ending, mmwr_week, mmwr_year) VALUES ('5/4/2019', 18, 2019);"
5/11/2019,19,2019,,,"INSERT INTO MMWR (week_ending, mmwr_week, mmwr_year) VALUES ('5/11/2019', 19, 2019);"
5/18/2019,20,2019,,,"INSERT INTO MMWR (week_ending, mmwr_week, mmwr_year) VALUES ('5/18/2019', 20, 2019);"
5/25/2019,21,2019,,,"INSERT INTO MMWR (week_ending, mmwr_week, mmwr_year) VALUES ('5/25/2019', 21, 2019);"
6/1/2019,22,2019,,,"INSERT INTO MMWR (week_ending, mmwr_week, mmwr_year) VALUES ('6/1/2019', 22, 2019);"
6/8/2019,23,2019,,,"INSERT INTO MMWR (week_ending, mmwr_week, mmwr_year) VALUES ('6/8/2019', 23, 2019);"
6/15/2019,24,2019,,,"INSERT INTO MMWR (week_ending, mmwr_week, mmwr_year) VALUES ('6/15/2019', 24, 2019);"
6/22/2019,25,2019,,,"INSERT INTO MMWR (week_ending, mmwr_week, mmwr_year) VALUES ('6/22/2019', 25, 2019);"
6/29/2019,26,2019,,,"INSERT INTO MMWR (week_ending, mmwr_week, mmwr_year) VALUES ('6/29/2019', 26, 2019);"
7/6/2019,27,2019,,,"INSERT INTO MMWR (week_ending, mmwr_week, mmwr_year) VALUES ('7/6/2019', 27, 2019);"
7/13/2019,28,2019,,,"INSERT INTO MMWR (week_ending, mmwr_week, mmwr_year) VALUES ('7/13/2019', 28, 2019);"
7/20/2019,29,2019,,,"INSERT INTO MMWR (week_ending, mmwr_week, mmwr_year) VALUES ('7/20/2019', 29, 2019);"
7/27/2019,30,2019,,,"INSERT INTO MMWR (week_ending, mmwr_week, mmwr_year) VALUES ('7/27/2019', 30, 2019);"
8/3/2019,31,2019,,,"INSERT INTO MMWR (week_ending, mmwr_week, mmwr_year) VALUES ('8/3/2019', 31, 2019);"
8/10/2019,32,2019,,,"INSERT INTO MMWR (week_ending, mmwr_week, mmwr_year) VALUES ('8/10/2019', 32, 2019);"
8/17/2019,33,2019,,,"INSERT INTO MMWR (week_ending, mmwr_week, mmwr_year) VALUES ('8/17/2019', 33, 2019);"
8/24/2019,34,2019,,,"INSERT INTO MMWR (week_ending, mmwr_week, mmwr_year) VALUES ('8/24/2019', 34, 2019);"
8/31/2019,35,2019,,,"INSERT INTO MMWR (week_ending, mmwr_week, mmwr_year) VALUES ('8/31/2019', 35, 2019);"
9/7/2019,36,2019,,,"INSERT INTO MMWR (week_ending, mmwr_week, mmwr_year) VALUES ('9/7/2019', 36, 2019);"
9/14/2019,37,2019,,,"INSERT INTO MMWR (week_ending, mmwr_week, mmwr_year) VALUES ('9/14/2019', 37, 2019);"
9/21/2019,38,2019,,,"INSERT INTO MMWR (week_ending, mmwr_week, mmwr_year) VALUES ('9/21/2019', 38, 2019);"
9/28/2019,39,2019,,,"INSERT INTO MMWR (week_ending, mmwr_week, mmwr_year) VALUES ('9/28/2019', 39, 2019);"
10/5/2019,40,2019,,,"INSERT INTO MMWR (week_ending, mmwr_week, mmwr_year) VALUES ('10/5/2019', 40, 2019);"
10/12/2019,41,2019,,,"INSERT INTO MMWR (week_ending, mmwr_week, mmwr_year) VALUES ('10/12/2019', 41, 2019);"
10/19/2019,42,2019,,,"INSERT INTO MMWR (week_ending, mmwr_week, mmwr_year) VALUES ('10/19/2019', 42, 2019);"
10/26/2019,43,2019,,,"INSERT INTO MMWR (week_ending, mmwr_week, mmwr_year) VALUES ('10/26/2019', 43, 2019);"
11/2/2019,44,2019,,,"INSERT INTO MMWR (week_ending, mmwr_week, mmwr_year) VALUES ('11/2/2019', 44, 2019);"
11/9/2019,45,2019,,,"INSERT INTO MMWR (week_ending, mmwr_week, mmwr_year) VALUES ('11/9/2019', 45, 2019);"
11/16/2019,46,2019,,,"INSERT INTO MMWR (week_ending, mmwr_week, mmwr_year) VALUES ('11/16/2019', 46, 2019);"
11/23/2019,47,2019,,,"INSERT INTO MMWR (week_ending, mmwr_week, mmwr_year) VALUES ('11/23/2019', 47, 2019);"
11/30/2019,48,2019,,,"INSERT INTO MMWR (week_ending, mmwr_week, mmwr_year) VALUES ('11/30/2019', 48, 2019);"
12/7/2019,49,2019,,,"INSERT INTO MMWR (week_ending, mmwr_week, mmwr_year) VALUES ('12/7/2019', 49, 2019);"
12/14/2019,50,2019,,,"INSERT INTO MMWR (week_ending, mmwr_week, mmwr_year) VALUES ('12/14/2019', 50, 2019);"
12/21/2019,51,2019,,,"INSERT INTO MMWR (week_ending, mmwr_week, mmwr_year) VALUES ('12/21/2019', 51, 2019);"
12/28/2019,52,2019,,,"INSERT INTO MMWR (week_ending, mmwr_week, mmwr_year) VALUES ('12/28/2019', 52, 2019);"
1/4/2020,1,2020,,,"INSERT INTO MMWR (week_ending, mmwr_week, mmwr_year) VALUES ('1/4/2020', 1, 2020);"
1/11/2020,2,2020,,,"INSERT INTO MMWR (week_ending, mmwr_week, mmwr_year) VALUES ('1/11/2020', 2, 2020);"
1/18/2020,3,2020,,,"INSERT INTO MMWR (week_ending, mmwr_week, mmwr_year) VALUES ('1/18/2020', 3, 2020);"
1/25/2020,4,2020,,,"INSERT INTO MMWR (week_ending, mmwr_week, mmwr_year) VALUES ('1/25/2020', 4, 2020);"
2/1/2020,5,2020,,,"INSERT INTO MMWR (week_ending, mmwr_week, mmwr_year) VALUES ('2/1/2020', 5, 2020);"
2/8/2020,6,2020,,,"INSERT INTO MMWR (week_ending, mmwr_week, mmwr_year) VALUES ('2/8/2020', 6, 2020);"
2/15/2020,7,2020,,,"INSERT INTO MMWR (week_ending, mmwr_week, mmwr_year) VALUES ('2/15/2020', 7, 2020);"
2/22/2020,8,2020,,,"INSERT INTO MMWR (week_ending, mmwr_week, mmwr_year) VALUES ('2/22/2020', 8, 2020);"
2/29/2020,9,2020,,,"INSERT INTO MMWR (week_ending, mmwr_week, mmwr_year) VALUES ('2/29/2020', 9, 2020);"
3/7/2020,10,2020,,,"INSERT INTO MMWR (week_ending, mmwr_week, mmwr_year) VALUES ('3/7/2020', 10, 2020);"
3/14/2020,11,2020,,,"INSERT INTO MMWR (week_ending, mmwr_week, mmwr_year) VALUES ('3/14/2020', 11, 2020);"
3/21/2020,12,2020,,,"INSERT INTO MMWR (week_ending, mmwr_week, mmwr_year) VALUES ('3/21/2020', 12, 2020);"
3/28/2020,13,2020,,,"INSERT INTO MMWR (week_ending, mmwr_week, mmwr_year) VALUES ('3/28/2020', 13, 2020);"
4/4/2020,14,2020,,,"INSERT INTO MMWR (week_ending, mmwr_week, mmwr_year) VALUES ('4/4/2020', 14, 2020);"
4/11/2020,15,2020,,,"INSERT INTO MMWR (week_ending, mmwr_week, mmwr_year) VALUES ('4/11/2020', 15, 2020);"
4/18/2020,16,2020,,,"INSERT INTO MMWR (week_ending, mmwr_week, mmwr_year) VALUES ('4/18/2020', 16, 2020);"
4/25/2020,17,2020,,,"INSERT INTO MMWR (week_ending, mmwr_week, mmwr_year) VALUES ('4/25/2020', 17, 2020);"
5/2/2020,18,2020,,,"INSERT INTO MMWR (week_ending, mmwr_week, mmwr_year) VALUES ('5/2/2020', 18, 2020);"
5/9/2020,19,2020,,,"INSERT INTO MMWR (week_ending, mmwr_week, mmwr_year) VALUES ('5/9/2020', 19, 2020);"
5/16/2020,20,2020,,,"INSERT INTO MMWR (week_ending, mmwr_week, mmwr_year) VALUES ('5/16/2020', 20, 2020);"
5/23/2020,21,2020,,,"INSERT INTO MMWR (week_ending, mmwr_week, mmwr_year) VALUES ('5/23/2020', 21, 2020);"
5/30/2020,22,2020,,,"INSERT INTO MMWR (week_ending, mmwr_week, mmwr_year) VALUES ('5/30/2020', 22, 2020);"
6/6/2020,23,2020,,,"INSERT INTO MMWR (week_ending, mmwr_week, mmwr_year) VALUES ('6/6/2020', 23, 2020);"
6/13/2020,24,2020,,,"INSERT INTO MMWR (week_ending, mmwr_week, mmwr_year) VALUES ('6/13/2020', 24, 2020);"
6/20/2020,25,2020,,,"INSERT INTO MMWR (week_ending, mmwr_week, mmwr_year) VALUES ('6/20/2020', 25, 2020);"
6/27/2020,26,2020,,,"INSERT INTO MMWR (week_ending, mmwr_week, mmwr_year) VALUES ('6/27/2020', 26, 2020);"
7/4/2020,27,2020,,,"INSERT INTO MMWR (week_ending, mmwr_week, mmwr_year) VALUES ('7/4/2020', 27, 2020);"
7/11/2020,28,2020,,,"INSERT INTO MMWR (week_ending, mmwr_week, mmwr_year) VALUES ('7/11/2020', 28, 2020);"
7/18/2020,29,2020,,,"INSERT INTO MMWR (week_ending, mmwr_week, mmwr_year) VALUES ('7/18/2020', 29, 2020);"
7/25/2020,30,2020,,,"INSERT INTO MMWR (week_ending, mmwr_week, mmwr_year) VALUES ('7/25/2020', 30, 2020);"
8/1/2020,31,2020,,,"INSERT INTO MMWR (week_ending, mmwr_week, mmwr_year) VALUES ('8/1/2020', 31, 2020);"
8/8/2020,32,2020,,,"INSERT INTO MMWR (week_ending, mmwr_week, mmwr_year) VALUES ('8/8/2020', 32, 2020);"
8/15/2020,33,2020,,,"INSERT INTO MMWR (week_ending, mmwr_week, mmwr_year) VALUES ('8/15/2020', 33, 2020);"
8/22/2020,34,2020,,,"INSERT INTO MMWR (week_ending, mmwr_week, mmwr_year) VALUES ('8/22/2020', 34, 2020);"
8/29/2020,35,2020,,,"INSERT INTO MMWR (week_ending, mmwr_week, mmwr_year) VALUES ('8/29/2020', 35, 2020);"
9/5/2020,36,2020,,,"INSERT INTO MMWR (week_ending, mmwr_week, mmwr_year) VALUES ('9/5/2020', 36, 2020);"
9/12/2020,37,2020,,,"INSERT INTO MMWR (week_ending, mmwr_week, mmwr_year) VALUES ('9/12/2020', 37, 2020);"
9/19/2020,38,2020,,,"INSERT INTO MMWR (week_ending, mmwr_week, mmwr_year) VALUES ('9/19/2020', 38, 2020);"
9/26/2020,39,2020,,,"INSERT INTO MMWR (week_ending, mmwr_week, mmwr_year) VALUES ('9/26/2020', 39, 2020);"
10/3/2020,40,2020,,,"INSERT INTO MMWR (week_ending, mmwr_week, mmwr_year) VALUES ('10/3/2020', 40, 2020);"
10/10/2020,41,2020,,,"INSERT INTO MMWR (week_ending, mmwr_week, mmwr_year) VALUES ('10/10/2020', 41, 2020);"
10/17/2020,42,2020,,,"INSERT INTO MMWR (week_ending, mmwr_week, mmwr_year) VALUES ('10/17/2020', 42, 2020);"
10/24/2020,43,2020,,,"INSERT INTO MMWR (week_ending, mmwr_week, mmwr_year) VALUES ('10/24/2020', 43, 2020);"
10/31/2020,44,2020,,,"INSERT INTO MMWR (week_ending, mmwr_week, mmwr_year) VALUES ('10/31/2020', 44, 2020);"
11/7/2020,45,2020,,,"INSERT INTO MMWR (week_ending, mmwr_week, mmwr_year) VALUES ('11/7/2020', 45, 2020);"
11/14/2020,46,2020,,,"INSERT INTO MMWR (week_ending, mmwr_week, mmwr_year) VALUES ('11/14/2020', 46, 2020);"
11/21/2020,47,2020,,,"INSERT INTO MMWR (week_ending, mmwr_week, mmwr_year) VALUES ('11/21/2020', 47, 2020);"
11/28/2020,48,2020,,,"INSERT INTO MMWR (week_ending, mmwr_week, mmwr_year) VALUES ('11/28/2020', 48, 2020);"
12/5/2020,49,2020,,,"INSERT INTO MMWR (week_ending, mmwr_week, mmwr_year) VALUES ('12/5/2020', 49, 2020);"
12/12/2020,50,2020,,,"INSERT INTO MMWR (week_ending, mmwr_week, mmwr_year) VALUES ('12/12/2020', 50, 2020);"
12/19/2020,51,2020,,,"INSERT INTO MMWR (week_ending, mmwr_week, mmwr_year) VALUES ('12/19/2020', 51, 2020);"
12/26/2020,52,2020,,,"INSERT INTO MMWR (week_ending, mmwr_week, mmwr_year) VALUES ('12/26/2020', 52, 2020);"
1/2/2021,53,2020,,,"INSERT INTO MMWR (week_ending, mmwr_week, mmwr_year) VALUES ('1/2/2021', 53, 2020);"
1/9/2021,1,2021,,,"INSERT INTO MMWR (week_ending, mmwr_week, mmwr_year) VALUES ('1/9/2021', 1, 2021);"
1/16/2021,2,2021,,,"INSERT INTO MMWR (week_ending, mmwr_week, mmwr_year) VALUES ('1/16/2021', 2, 2021);"
1/23/2021,3,2021,,,"INSERT INTO MMWR (week_ending, mmwr_week, mmwr_year) VALUES ('1/23/2021', 3, 2021);"
1/30/2021,4,2021,,,"INSERT INTO MMWR (week_ending, mmwr_week, mmwr_year) VALUES ('1/30/2021', 4, 2021);"
2/6/2021,5,2021,,,"INSERT INTO MMWR (week_ending, mmwr_week, mmwr_year) VALUES ('2/6/2021', 5, 2021);"
2/13/2021,6,2021,,,"INSERT INTO MMWR (week_ending, mmwr_week, mmwr_year) VALUES ('2/13/2021', 6, 2021);"
2/20/2021,7,2021,,,"INSERT INTO MMWR (week_ending, mmwr_week, mmwr_year) VALUES ('2/20/2021', 7, 2021);"
2/27/2021,8,2021,,,"INSERT INTO MMWR (week_ending, mmwr_week, mmwr_year) VALUES ('2/27/2021', 8, 2021);"
3/6/2021,9,2021,,,"INSERT INTO MMWR (week_ending, mmwr_week, mmwr_year) VALUES ('3/6/2021', 9, 2021);"
3/13/2021,10,2021,,,"INSERT INTO MMWR (week_ending, mmwr_week, mmwr_year) VALUES ('3/13/2021', 10, 2021);"
3/20/2021,11,2021,,,"INSERT INTO MMWR (week_ending, mmwr_week, mmwr_year) VALUES ('3/20/2021', 11, 2021);"
3/27/2021,12,2021,,,"INSERT INTO MMWR (week_ending, mmwr_week, mmwr_year) VALUES ('3/27/2021', 12, 2021);"
4/3/2021,13,2021,,,"INSERT INTO MMWR (week_ending, mmwr_week, mmwr_year) VALUES ('4/3/2021', 13, 2021);"
4/10/2021,14,2021,,,"INSERT INTO MMWR (week_ending, mmwr_week, mmwr_year) VALUES ('4/10/2021', 14, 2021);"
4/17/2021,15,2021,,,"INSERT INTO MMWR (week_ending, mmwr_week, mmwr_year) VALUES ('4/17/2021', 15, 2021);"
4/24/2021,16,2021,,,"INSERT INTO MMWR (week_ending, mmwr_week, mmwr_year) VALUES ('4/24/2021', 16, 2021);"
5/1/2021,17,2021,,,"INSERT INTO MMWR (week_ending, mmwr_week, mmwr_year) VALUES ('5/1/2021', 17, 2021);"
5/8/2021,18,2021,,,"INSERT INTO MMWR (week_ending, mmwr_week, mmwr_year) VALUES ('5/8/2021', 18, 2021);"
5/15/2021,19,2021,,,"INSERT INTO MMWR (week_ending, mmwr_week, mmwr_year) VALUES ('5/15/2021', 19, 2021);"
5/22/2021,20,2021,,,"INSERT INTO MMWR (week_ending, mmwr_week, mmwr_year) VALUES ('5/22/2021', 20, 2021);"
5/29/2021,21,2021,,,"INSERT INTO MMWR (week_ending, mmwr_week, mmwr_year) VALUES ('5/29/2021', 21, 2021);"
6/5/2021,22,2021,,,"INSERT INTO MMWR (week_ending, mmwr_week, mmwr_year) VALUES ('6/5/2021', 22, 2021);"
6/12/2021,23,2021,,,"INSERT INTO MMWR (week_ending, mmwr_week, mmwr_year) VALUES ('6/12/2021', 23, 2021);"
6/19/2021,24,2021,,,"INSERT INTO MMWR (week_ending, mmwr_week, mmwr_year) VALUES ('6/19/2021', 24, 2021);"
6/26/2021,25,2021,,,"INSERT INTO MMWR (week_ending, mmwr_week, mmwr_year) VALUES ('6/26/2021', 25, 2021);"
7/3/2021,26,2021,,,"INSERT INTO MMWR (week_ending, mmwr_week, mmwr_year) VALUES ('7/3/2021', 26, 2021);"
7/10/2021,27,2021,,,"INSERT INTO MMWR (week_ending, mmwr_week, mmwr_year) VALUES ('7/10/2021', 27, 2021);"
7/17/2021,28,2021,,,"INSERT INTO MMWR (week_ending, mmwr_week, mmwr_year) VALUES ('7/17/2021', 28, 2021);"
7/24/2021,29,2021,,,"INSERT INTO MMWR (week_ending, mmwr_week, mmwr_year) VALUES ('7/24/2021', 29, 2021);"
7/31/2021,30,2021,,,"INSERT INTO MMWR (week_ending, mmwr_week, mmwr_year) VALUES ('7/31/2021', 30, 2021);"
8/7/2021,31,2021,,,"INSERT INTO MMWR (week_ending, mmwr_week, mmwr_year) VALUES ('8/7/2021', 31, 2021);"
8/14/2021,32,2021,,,"INSERT INTO MMWR (week_ending, mmwr_week, mmwr_year) VALUES ('8/14/2021', 32, 2021);"
8/21/2021,33,2021,,,"INSERT INTO MMWR (week_ending, mmwr_week, mmwr_year) VALUES ('8/21/2021', 33, 2021);"
8/28/2021,34,2021,,,"INSERT INTO MMWR (week_ending, mmwr_week, mmwr_year) VALUES ('8/28/2021', 34, 2021);"
9/4/2021,35,2021,,,"INSERT INTO MMWR (week_ending, mmwr_week, mmwr_year) VALUES ('9/4/2021', 35, 2021);"
9/11/2021,36,2021,,,"INSERT INTO MMWR (week_ending, mmwr_week, mmwr_year) VALUES ('9/11/2021', 36, 2021);"
9/18/2021,37,2021,,,"INSERT INTO MMWR (week_ending, mmwr_week, mmwr_year) VALUES ('9/18/2021', 37, 2021);"
9/25/2021,38,2021,,,"INSERT INTO MMWR (week_ending, mmwr_week, mmwr_year) VALUES ('9/25/2021', 38, 2021);"
10/2/2021,39,2021,,,"INSERT INTO MMWR (week_ending, mmwr_week, mmwr_year) VALUES ('10/2/2021', 39, 2021);"
10/9/2021,40,2021,,,"INSERT INTO MMWR (week_ending, mmwr_week, mmwr_year) VALUES ('10/9/2021', 40, 2021);"
10/16/2021,41,2021,,,"INSERT INTO MMWR (week_ending, mmwr_week, mmwr_year) VALUES ('10/16/2021', 41, 2021);"
10/23/2021,42,2021,,,"INSERT INTO MMWR (week_ending, mmwr_week, mmwr_year) VALUES ('10/23/2021', 42, 2021);"
10/30/2021,43,2021,,,"INSERT INTO MMWR (week_ending, mmwr_week, mmwr_year) VALUES ('10/30/2021', 43, 2021);"
11/6/2021,44,2021,,,"INSERT INTO MMWR (week_ending, mmwr_week, mmwr_year) VALUES ('11/6/2021', 44, 2021);"
11/13/2021,45,2021,,,"INSERT INTO MMWR (week_ending, mmwr_week, mmwr_year) VALUES ('11/13/2021', 45, 2021);"
11/20/2021,46,2021,,,"INSERT INTO MMWR (week_ending, mmwr_week, mmwr_year) VALUES ('11/20/2021', 46, 2021);"
11/27/2021,47,2021,,,"INSERT INTO MMWR (week_ending, mmwr_week, mmwr_year) VALUES ('11/27/2021', 47, 2021);"
12/4/2021,48,2021,,,"INSERT INTO MMWR (week_ending, mmwr_week, mmwr_year) VALUES ('12/4/2021', 48, 2021);"
12/11/2021,49,2021,,,"INSERT INTO MMWR (week_ending, mmwr_week, mmwr_year) VALUES ('12/11/2021', 49, 2021);"
12/18/2021,50,2021,,,"INSERT INTO MMWR (week_ending, mmwr_week, mmwr_year) VALUES ('12/18/2021', 50, 2021);"
12/25/2021,51,2021,,,"INSERT INTO MMWR (week_ending, mmwr_week, mmwr_year) VALUES ('12/25/2021', 51, 2021);"
1/1/2022,52,2021,,,"INSERT INTO MMWR (week_ending, mmwr_week, mmwr_year) VALUES ('1/1/2022', 52, 2021);"
1/8/2022,1,2022,,,"INSERT INTO MMWR (week_ending, mmwr_week, mmwr_year) VALUES ('1/8/2022', 1, 2022);"
1/15/2022,2,2022,,,"INSERT INTO MMWR (week_ending, mmwr_week, mmwr_year) VALUES ('1/15/2022', 2, 2022);"
1/22/2022,3,2022,,,"INSERT INTO MMWR (week_ending, mmwr_week, mmwr_year) VALUES ('1/22/2022', 3, 2022);"
1/29/2022,4,2022,,,"INSERT INTO MMWR (week_ending, mmwr_week, mmwr_year) VALUES ('1/29/2022', 4, 2022);"
2/5/2022,5,2022,,,"INSERT INTO MMWR (week_ending, mmwr_week, mmwr_year) VALUES ('2/5/2022', 5, 2022);"
2/12/2022,6,2022,,,"INSERT INTO MMWR (week_ending, mmwr_week, mmwr_year) VALUES ('2/12/2022', 6, 2022);"
2/19/2022,7,2022,,,"INSERT INTO MMWR (week_ending, mmwr_week, mmwr_year) VALUES ('2/19/2022', 7, 2022);"
2/26/2022,8,2022,,,"INSERT INTO MMWR (week_ending, mmwr_week, mmwr_year) VALUES ('2/26/2022', 8, 2022);"
3/5/2022,9,2022,,,"INSERT INTO MMWR (week_ending, mmwr_week, mmwr_year) VALUES ('3/5/2022', 9, 2022);"
3/12/2022,10,2022,,,"INSERT INTO MMWR (week_ending, mmwr_week, mmwr_year) VALUES ('3/12/2022', 10, 2022);"
3/19/2022,11,2022,,,"INSERT INTO MMWR (week_ending, mmwr_week, mmwr_year) VALUES ('3/19/2022', 11, 2022);"
3/26/2022,12,2022,,,"INSERT INTO MMWR (week_ending, mmwr_week, mmwr_year) VALUES ('3/26/2022', 12, 2022);"
4/2/2022,13,2022,,,"INSERT INTO MMWR (week_ending, mmwr_week, mmwr_year) VALUES ('4/2/2022', 13, 2022);"
4/9/2022,14,2022,,,"INSERT INTO MMWR (week_ending, mmwr_week, mmwr_year) VALUES ('4/9/2022', 14, 2022);"
4/16/2022,15,2022,,,"INSERT INTO MMWR (week_ending, mmwr_week, mmwr_year) VALUES ('4/16/2022', 15, 2022);"
4/23/2022,16,2022,,,"INSERT INTO MMWR (week_ending, mmwr_week, mmwr_year) VALUES ('4/23/2022', 16, 2022);"
4/30/2022,17,2022,,,"INSERT INTO MMWR (week_ending, mmwr_week, mmwr_year) VALUES ('4/30/2022', 17, 2022);"
5/7/2022,18,2022,,,"INSERT INTO MMWR (week_ending, mmwr_week, mmwr_year) VALUES ('5/7/2022', 18, 2022);"
5/14/2022,19,2022,,,"INSERT INTO MMWR (week_ending, mmwr_week, mmwr_year) VALUES ('5/14/2022', 19, 2022);"
5/21/2022,20,2022,,,"INSERT INTO MMWR (week_ending, mmwr_week, mmwr_year) VALUES ('5/21/2022', 20, 2022);"
5/28/2022,21,2022,,,"INSERT INTO MMWR (week_ending, mmwr_week, mmwr_year) VALUES ('5/28/2022', 21, 2022);"
6/4/2022,22,2022,,,"INSERT INTO MMWR (week_ending, mmwr_week, mmwr_year) VALUES ('6/4/2022', 22, 2022);"
6/11/2022,23,2022,,,"INSERT INTO MMWR (week_ending, mmwr_week, mmwr_year) VALUES ('6/11/2022', 23, 2022);"
6/18/2022,24,2022,,,"INSERT INTO MMWR (week_ending, mmwr_week, mmwr_year) VALUES ('6/18/2022', 24, 2022);"
6/25/2022,25,2022,,,"INSERT INTO MMWR (week_ending, mmwr_week, mmwr_year) VALUES ('6/25/2022', 25, 2022);"
7/2/2022,26,2022,,,"INSERT INTO MMWR (week_ending, mmwr_week, mmwr_year) VALUES ('7/2/2022', 26, 2022);"
7/9/2022,27,2022,,,"INSERT INTO MMWR (week_ending, mmwr_week, mmwr_year) VALUES ('7/9/2022', 27, 2022);"
7/16/2022,28,2022,,,"INSERT INTO MMWR (week_ending, mmwr_week, mmwr_year) VALUES ('7/16/2022', 28, 2022);"
7/23/2022,29,2022,,,"INSERT INTO MMWR (week_ending, mmwr_week, mmwr_year) VALUES ('7/23/2022', 29, 2022);"
7/30/2022,30,2022,,,"INSERT INTO MMWR (week_ending, mmwr_week, mmwr_year) VALUES ('7/30/2022', 30, 2022);"
8/6/2022,31,2022,,,"INSERT INTO MMWR (week_ending, mmwr_week, mmwr_year) VALUES ('8/6/2022', 31, 2022);"
8/13/2022,32,2022,,,"INSERT INTO MMWR (week_ending, mmwr_week, mmwr_year) VALUES ('8/13/2022', 32, 2022);"
8/20/2022,33,2022,,,"INSERT INTO MMWR (week_ending, mmwr_week, mmwr_year) VALUES ('8/20/2022', 33, 2022);"
8/27/2022,34,2022,,,"INSERT INTO MMWR (week_ending, mmwr_week, mmwr_year) VALUES ('8/27/2022', 34, 2022);"
9/3/2022,35,2022,,,"INSERT INTO MMWR (week_ending, mmwr_week, mmwr_year) VALUES ('9/3/2022', 35, 2022);"
9/10/2022,36,2022,,,"INSERT INTO MMWR (week_ending, mmwr_week, mmwr_year) VALUES ('9/10/2022', 36, 2022);"
9/17/2022,37,2022,,,"INSERT INTO MMWR (week_ending, mmwr_week, mmwr_year) VALUES ('9/17/2022', 37, 2022);"
9/24/2022,38,2022,,,"INSERT INTO MMWR (week_ending, mmwr_week, mmwr_year) VALUES ('9/24/2022', 38, 2022);"
10/1/2022,39,2022,,,"INSERT INTO MMWR (week_ending, mmwr_week, mmwr_year) VALUES ('10/1/2022', 39, 2022);"
10/8/2022,40,2022,,,"INSERT INTO MMWR (week_ending, mmwr_week, mmwr_year) VALUES ('10/8/2022', 40, 2022);"
10/15/2022,41,2022,,,"INSERT INTO MMWR (week_ending, mmwr_week, mmwr_year) VALUES ('10/15/2022', 41, 2022);"
10/22/2022,42,2022,,,"INSERT INTO MMWR (week_ending, mmwr_week, mmwr_year) VALUES ('10/22/2022', 42, 2022);"
10/29/2022,43,2022,,,"INSERT INTO MMWR (week_ending, mmwr_week, mmwr_year) VALUES ('10/29/2022', 43, 2022);"
11/5/2022,44,2022,,,"INSERT INTO MMWR (week_ending, mmwr_week, mmwr_year) VALUES ('11/5/2022', 44, 2022);"
11/12/2022,45,2022,,,"INSERT INTO MMWR (week_ending, mmwr_week, mmwr_year) VALUES ('11/12/2022', 45, 2022);"
11/19/2022,46,2022,,,"INSERT INTO MMWR (week_ending, mmwr_week, mmwr_year) VALUES ('11/19/2022', 46, 2022);"
11/26/2022,47,2022,,,"INSERT INTO MMWR (week_ending, mmwr_week, mmwr_year) VALUES ('11/26/2022', 47, 2022);"
12/3/2022,48,2022,,,"INSERT INTO MMWR (week_ending, mmwr_week, mmwr_year) VALUES ('12/3/2022', 48, 2022);"
12/10/2022,49,2022,,,"INSERT INTO MMWR (week_ending, mmwr_week, mmwr_year) VALUES ('12/10/2022', 49, 2022);"
12/17/2022,50,2022,,,"INSERT INTO MMWR (week_ending, mmwr_week, mmwr_year) VALUES ('12/17/2022', 50, 2022);"
12/24/2022,51,2022,,,"INSERT INTO MMWR (week_ending, mmwr_week, mmwr_year) VALUES ('12/24/2022', 51, 2022);"
12/31/2022,52,2022,,,"INSERT INTO MMWR (week_ending, mmwr_week, mmwr_year) VALUES ('12/31/2022', 52, 2022);"
1/7/2023,1,2023,,,"INSERT INTO MMWR (week_ending, mmwr_week, mmwr_year) VALUES ('1/7/2023', 1, 2023);"
1/14/2023,2,2023,,,"INSERT INTO MMWR (week_ending, mmwr_week, mmwr_year) VALUES ('1/14/2023', 2, 2023);"
1/21/2023,3,2023,,,"INSERT INTO MMWR (week_ending, mmwr_week, mmwr_year) VALUES ('1/21/2023', 3, 2023);"
1/28/2023,4,2023,,,"INSERT INTO MMWR (week_ending, mmwr_week, mmwr_year) VALUES ('1/28/2023', 4, 2023);"
2/4/2023,5,2023,,,"INSERT INTO MMWR (week_ending, mmwr_week, mmwr_year) VALUES ('2/4/2023', 5, 2023);"
2/11/2023,6,2023,,,"INSERT INTO MMWR (week_ending, mmwr_week, mmwr_year) VALUES ('2/11/2023', 6, 2023);"
2/18/2023,7,2023,,,"INSERT INTO MMWR (week_ending, mmwr_week, mmwr_year) VALUES ('2/18/2023', 7, 2023);"
2/25/2023,8,2023,,,"INSERT INTO MMWR (week_ending, mmwr_week, mmwr_year) VALUES ('2/25/2023', 8, 2023);"
3/4/2023,9,2023,,,"INSERT INTO MMWR (week_ending, mmwr_week, mmwr_year) VALUES ('3/4/2023', 9, 2023);"
3/11/2023,10,2023,,,"INSERT INTO MMWR (week_ending, mmwr_week, mmwr_year) VALUES ('3/11/2023', 10, 2023);"
3/18/2023,11,2023,,,"INSERT INTO MMWR (week_ending, mmwr_week, mmwr_year) VALUES ('3/18/2023', 11, 2023);"
3/25/2023,12,2023,,,"INSERT INTO MMWR (week_ending, mmwr_week, mmwr_year) VALUES ('3/25/2023', 12, 2023);"
4/1/2023,13,2023,,,"INSERT INTO MMWR (week_ending, mmwr_week, mmwr_year) VALUES ('4/1/2023', 13, 2023);"
4/8/2023,14,2023,,,"INSERT INTO MMWR (week_ending, mmwr_week, mmwr_year) VALUES ('4/8/2023', 14, 2023);"
4/15/2023,15,2023,,,"INSERT INTO MMWR (week_ending, mmwr_week, mmwr_year) VALUES ('4/15/2023', 15, 2023);"
4/22/2023,16,2023,,,"INSERT INTO MMWR (week_ending, mmwr_week, mmwr_year) VALUES ('4/22/2023', 16, 2023);"
4/29/2023,17,2023,,,"INSERT INTO MMWR (week_ending, mmwr_week, mmwr_year) VALUES ('4/29/2023', 17, 2023);"
5/6/2023,18,2023,,,"INSERT INTO MMWR (week_ending, mmwr_week, mmwr_year) VALUES ('5/6/2023', 18, 2023);"
5/13/2023,19,2023,,,"INSERT INTO MMWR (week_ending, mmwr_week, mmwr_year) VALUES ('5/13/2023', 19, 2023);"
5/20/2023,20,2023,,,"INSERT INTO MMWR (week_ending, mmwr_week, mmwr_year) VALUES ('5/20/2023', 20, 2023);"
5/27/2023,21,2023,,,"INSERT INTO MMWR (week_ending, mmwr_week, mmwr_year) VALUES ('5/27/2023', 21, 2023);"
6/3/2023,22,2023,,,"INSERT INTO MMWR (week_ending, mmwr_week, mmwr_year) VALUES ('6/3/2023', 22, 2023);"
6/10/2023,23,2023,,,"INSERT INTO MMWR (week_ending, mmwr_week, mmwr_year) VALUES ('6/10/2023', 23, 2023);"
6/17/2023,24,2023,,,"INSERT INTO MMWR (week_ending, mmwr_week, mmwr_year) VALUES ('6/17/2023', 24, 2023);"
6/24/2023,25,2023,,,"INSERT INTO MMWR (week_ending, mmwr_week, mmwr_year) VALUES ('6/24/2023', 25, 2023);"
7/1/2023,26,2023,,,"INSERT INTO MMWR (week_ending, mmwr_week, mmwr_year) VALUES ('7/1/2023', 26, 2023);"
7/8/2023,27,2023,,,"INSERT INTO MMWR (week_ending, mmwr_week, mmwr_year) VALUES ('7/8/2023', 27, 2023);"
7/15/2023,28,2023,,,"INSERT INTO MMWR (week_ending, mmwr_week, mmwr_year) VALUES ('7/15/2023', 28, 2023);"
7/22/2023,29,2023,,,"INSERT INTO MMWR (week_ending, mmwr_week, mmwr_year) VALUES ('7/22/2023', 29, 2023);"
7/29/2023,30,2023,,,"INSERT INTO MMWR (week_ending, mmwr_week, mmwr_year) VALUES ('7/29/2023', 30, 2023);"
8/5/2023,31,2023,,,"INSERT INTO MMWR (week_ending, mmwr_week, mmwr_year) VALUES ('8/5/2023', 31, 2023);"
8/12/2023,32,2023,,,"INSERT INTO MMWR (week_ending, mmwr_week, mmwr_year) VALUES ('8/12/2023', 32, 2023);"
8/19/2023,33,2023,,,"INSERT INTO MMWR (week_ending, mmwr_week, mmwr_year) VALUES ('8/19/2023', 33, 2023);"
8/26/2023,34,2023,,,"INSERT INTO MMWR (week_ending, mmwr_week, mmwr_year) VALUES ('8/26/2023', 34, 2023);"
9/2/2023,35,2023,,,"INSERT INTO MMWR (week_ending, mmwr_week, mmwr_year) VALUES ('9/2/2023', 35, 2023);"
9/9/2023,36,2023,,,"INSERT INTO MMWR (week_ending, mmwr_week, mmwr_year) VALUES ('9/9/2023', 36, 2023);"
9/16/2023,37,2023,,,"INSERT INTO MMWR (week_ending, mmwr_week, mmwr_year) VALUES ('9/16/2023', 37, 2023);"
9/23/2023,38,2023,,,"INSERT INTO MMWR (week_ending, mmwr_week, mmwr_year) VALUES ('9/23/2023', 38, 2023);"
9/30/2023,39,2023,,,"INSERT INTO MMWR (week_ending, mmwr_week, mmwr_year) VALUES ('9/30/2023', 39, 2023);"
10/7/2023,40,2023,,,"INSERT INTO MMWR (week_ending, mmwr_week, mmwr_year) VALUES ('10/7/2023', 40, 2023);"
10/14/2023,41,2023,,,"INSERT INTO MMWR (week_ending, mmwr_week, mmwr_year) VALUES ('10/14/2023', 41, 2023);"
10/21/2023,42,2023,,,"INSERT INTO MMWR (week_ending, mmwr_week, mmwr_year) VALUES ('10/21/2023', 42, 2023);"
10/28/2023,43,2023,,,"INSERT INTO MMWR (week_ending, mmwr_week, mmwr_year) VALUES ('10/28/2023', 43, 2023);"
11/4/2023,44,2023,,,"INSERT INTO MMWR (week_ending, mmwr_week, mmwr_year) VALUES ('11/4/2023', 44, 2023);"
11/11/2023,45,2023,,,"INSERT INTO MMWR (week_ending, mmwr_week, mmwr_year) VALUES ('11/11/2023', 45, 2023);"
11/18/2023,46,2023,,,"INSERT INTO MMWR (week_ending, mmwr_week, mmwr_year) VALUES ('11/18/2023', 46, 2023);"
11/25/2023,47,2023,,,"INSERT INTO MMWR (week_ending, mmwr_week, mmwr_year) VALUES ('11/25/2023', 47, 2023);"
12/2/2023,48,2023,,,"INSERT INTO MMWR (week_ending, mmwr_week, mmwr_year) VALUES ('12/2/2023', 48, 2023);"
12/9/2023,49,2023,,,"INSERT INTO MMWR (week_ending, mmwr_week, mmwr_year) VALUES ('12/9/2023', 49, 2023);"
12/16/2023,50,2023,,,"INSERT INTO MMWR (week_ending, mmwr_week, mmwr_year) VALUES ('12/16/2023', 50, 2023);"
12/23/2023,51,2023,,,"INSERT INTO MMWR (week_ending, mmwr_week, mmwr_year) VALUES ('12/23/2023', 51, 2023);"
12/30/2023,52,2023,,,"INSERT INTO MMWR (week_ending, mmwr_week, mmwr_year) VALUES ('12/30/2023', 52, 2023);"
1/6/2024,1,2024,,,"INSERT INTO MMWR (week_ending, mmwr_week, mmwr_year) VALUES ('1/6/2024', 1, 2024);"
1/13/2024,2,2024,,,"INSERT INTO MMWR (week_ending, mmwr_week, mmwr_year) VALUES ('1/13/2024', 2, 2024);"
1/20/2024,3,2024,,,"INSERT INTO MMWR (week_ending, mmwr_week, mmwr_year) VALUES ('1/20/2024', 3, 2024);"
1/27/2024,4,2024,,,"INSERT INTO MMWR (week_ending, mmwr_week, mmwr_year) VALUES ('1/27/2024', 4, 2024);"
2/3/2024,5,2024,,,"INSERT INTO MMWR (week_ending, mmwr_week, mmwr_year) VALUES ('2/3/2024', 5, 2024);"
2/10/2024,6,2024,,,"INSERT INTO MMWR (week_ending, mmwr_week, mmwr_year) VALUES ('2/10/2024', 6, 2024);"
2/17/2024,7,2024,,,"INSERT INTO MMWR (week_ending, mmwr_week, mmwr_year) VALUES ('2/17/2024', 7, 2024);"
2/24/2024,8,2024,,,"INSERT INTO MMWR (week_ending, mmwr_week, mmwr_year) VALUES ('2/24/2024', 8, 2024);"
3/2/2024,9,2024,,,"INSERT INTO MMWR (week_ending, mmwr_week, mmwr_year) VALUES ('3/2/2024', 9, 2024);"
3/9/2024,10,2024,,,"INSERT INTO MMWR (week_ending, mmwr_week, mmwr_year) VALUES ('3/9/2024', 10, 2024);"
3/16/2024,11,2024,,,"INSERT INTO MMWR (week_ending, mmwr_week, mmwr_year) VALUES ('3/16/2024', 11, 2024);"
3/23/2024,12,2024,,,"INSERT INTO MMWR (week_ending, mmwr_week, mmwr_year) VALUES ('3/23/2024', 12, 2024);"
3/30/2024,13,2024,,,"INSERT INTO MMWR (week_ending, mmwr_week, mmwr_year) VALUES ('3/30/2024', 13, 2024);"
4/6/2024,14,2024,,,"INSERT INTO MMWR (week_ending, mmwr_week, mmwr_year) VALUES ('4/6/2024', 14, 2024);"
4/13/2024,15,2024,,,"INSERT INTO MMWR (week_ending, mmwr_week, mmwr_year) VALUES ('4/13/2024', 15, 2024);"
4/20/2024,16,2024,,,"INSERT INTO MMWR (week_ending, mmwr_week, mmwr_year) VALUES ('4/20/2024', 16, 2024);"
4/27/2024,17,2024,,,"INSERT INTO MMWR (week_ending, mmwr_week, mmwr_year) VALUES ('4/27/2024', 17, 2024);"
5/4/2024,18,2024,,,"INSERT INTO MMWR (week_ending, mmwr_week, mmwr_year) VALUES ('5/4/2024', 18, 2024);"
5/11/2024,19,2024,,,"INSERT INTO MMWR (week_ending, mmwr_week, mmwr_year) VALUES ('5/11/2024', 19, 2024);"
5/18/2024,20,2024,,,"INSERT INTO MMWR (week_ending, mmwr_week, mmwr_year) VALUES ('5/18/2024', 20, 2024);"
5/25/2024,21,2024,,,"INSERT INTO MMWR (week_ending, mmwr_week, mmwr_year) VALUES ('5/25/2024', 21, 2024);"
6/1/2024,22,2024,,,"INSERT INTO MMWR (week_ending, mmwr_week, mmwr_year) VALUES ('6/1/2024', 22, 2024);"
6/8/2024,23,2024,,,"INSERT INTO MMWR (week_ending, mmwr_week, mmwr_year) VALUES ('6/8/2024', 23, 2024);"
6/15/2024,24,2024,,,"INSERT INTO MMWR (week_ending, mmwr_week, mmwr_year) VALUES ('6/15/2024', 24, 2024);"
6/22/2024,25,2024,,,"INSERT INTO MMWR (week_ending, mmwr_week, mmwr_year) VALUES ('6/22/2024', 25, 2024);"
6/29/2024,26,2024,,,"INSERT INTO MMWR (week_ending, mmwr_week, mmwr_year) VALUES ('6/29/2024', 26, 2024);"
7/6/2024,27,2024,,,"INSERT INTO MMWR (week_ending, mmwr_week, mmwr_year) VALUES ('7/6/2024', 27, 2024);"
7/13/2024,28,2024,,,"INSERT INTO MMWR (week_ending, mmwr_week, mmwr_year) VALUES ('7/13/2024', 28, 2024);"
7/20/2024,29,2024,,,"INSERT INTO MMWR (week_ending, mmwr_week, mmwr_year) VALUES ('7/20/2024', 29, 2024);"
7/27/2024,30,2024,,,"INSERT INTO MMWR (week_ending, mmwr_week, mmwr_year) VALUES ('7/27/2024', 30, 2024);"
8/3/2024,31,2024,,,"INSERT INTO MMWR (week_ending, mmwr_week, mmwr_year) VALUES ('8/3/2024', 31, 2024);"
8/10/2024,32,2024,,,"INSERT INTO MMWR (week_ending, mmwr_week, mmwr_year) VALUES ('8/10/2024', 32, 2024);"
8/17/2024,33,2024,,,"INSERT INTO MMWR (week_ending, mmwr_week, mmwr_year) VALUES ('8/17/2024', 33, 2024);"
8/24/2024,34,2024,,,"INSERT INTO MMWR (week_ending, mmwr_week, mmwr_year) VALUES ('8/24/2024', 34, 2024);"
8/31/2024,35,2024,,,"INSERT INTO MMWR (week_ending, mmwr_week, mmwr_year) VALUES ('8/31/2024', 35, 2024);"
9/7/2024,36,2024,,,"INSERT INTO MMWR (week_ending, mmwr_week, mmwr_year) VALUES ('9/7/2024', 36, 2024);"
9/14/2024,37,2024,,,"INSERT INTO MMWR (week_ending, mmwr_week, mmwr_year) VALUES ('9/14/2024', 37, 2024);"
9/21/2024,38,2024,,,"INSERT INTO MMWR (week_ending, mmwr_week, mmwr_year) VALUES ('9/21/2024', 38, 2024);"
9/28/2024,39,2024,,,"INSERT INTO MMWR (week_ending, mmwr_week, mmwr_year) VALUES ('9/28/2024', 39, 2024);"
10/5/2024,40,2024,,,"INSERT INTO MMWR (week_ending, mmwr_week, mmwr_year) VALUES ('10/5/2024', 40, 2024);"
10/12/2024,41,2024,,,"INSERT INTO MMWR (week_ending, mmwr_week, mmwr_year) VALUES ('10/12/2024', 41, 2024);"
10/19/2024,42,2024,,,"INSERT INTO MMWR (week_ending, mmwr_week, mmwr_year) VALUES ('10/19/2024', 42, 2024);"
10/26/2024,43,2024,,,"INSERT INTO MMWR (week_ending, mmwr_week, mmwr_year) VALUES ('10/26/2024', 43, 2024);"
11/2/2024,44,2024,,,"INSERT INTO MMWR (week_ending, mmwr_week, mmwr_year) VALUES ('11/2/2024', 44, 2024);"
11/9/2024,45,2024,,,"INSERT INTO MMWR (week_ending, mmwr_week, mmwr_year) VALUES ('11/9/2024', 45, 2024);"
11/16/2024,46,2024,,,"INSERT INTO MMWR (week_ending, mmwr_week, mmwr_year) VALUES ('11/16/2024', 46, 2024);"
11/23/2024,47,2024,,,"INSERT INTO MMWR (week_ending, mmwr_week, mmwr_year) VALUES ('11/23/2024', 47, 2024);"
11/30/2024,48,2024,,,"INSERT INTO MMWR (week_ending, mmwr_week, mmwr_year) VALUES ('11/30/2024', 48, 2024);"
12/7/2024,49,2024,,,"INSERT INTO MMWR (week_ending, mmwr_week, mmwr_year) VALUES ('12/7/2024', 49, 2024);"
12/14/2024,50,2024,,,"INSERT INTO MMWR (week_ending, mmwr_week, mmwr_year) VALUES ('12/14/2024', 50, 2024);"
12/21/2024,51,2024,,,"INSERT INTO MMWR (week_ending, mmwr_week, mmwr_year) VALUES ('12/21/2024', 51, 2024);"
12/28/2024,52,2024,,,"INSERT INTO MMWR (week_ending, mmwr_week, mmwr_year) VALUES ('12/28/2024', 52, 2024);"
1/4/2025,1,2025,,,"INSERT INTO MMWR (week_ending, mmwr_week, mmwr_year) VALUES ('1/4/2025', 1, 2025);"
1/11/2025,2,2025,,,"INSERT INTO MMWR (week_ending, mmwr_week, mmwr_year) VALUES ('1/11/2025', 2, 2025);"
1/18/2025,3,2025,,,"INSERT INTO MMWR (week_ending, mmwr_week, mmwr_year) VALUES ('1/18/2025', 3, 2025);"
1/25/2025,4,2025,,,"INSERT INTO MMWR (week_ending, mmwr_week, mmwr_year) VALUES ('1/25/2025', 4, 2025);"
2/1/2025,5,2025,,,"INSERT INTO MMWR (week_ending, mmwr_week, mmwr_year) VALUES ('2/1/2025', 5, 2025);"
2/8/2025,6,2025,,,"INSERT INTO MMWR (week_ending, mmwr_week, mmwr_year) VALUES ('2/8/2025', 6, 2025);"
2/15/2025,7,2025,,,"INSERT INTO MMWR (week_ending, mmwr_week, mmwr_year) VALUES ('2/15/2025', 7, 2025);"
2/22/2025,8,2025,,,"INSERT INTO MMWR (week_ending, mmwr_week, mmwr_year) VALUES ('2/22/2025', 8, 2025);"
3/1/2025,9,2025,,,"INSERT INTO MMWR (week_ending, mmwr_week, mmwr_year) VALUES ('3/1/2025', 9, 2025);"
3/8/2025,10,2025,,,"INSERT INTO MMWR (week_ending, mmwr_week, mmwr_year) VALUES ('3/8/2025', 10, 2025);"
3/15/2025,11,2025,,,"INSERT INTO MMWR (week_ending, mmwr_week, mmwr_year) VALUES ('3/15/2025', 11, 2025);"
3/22/2025,12,2025,,,"INSERT INTO MMWR (week_ending, mmwr_week, mmwr_year) VALUES ('3/22/2025', 12, 2025);"
3/29/2025,13,2025,,,"INSERT INTO MMWR (week_ending, mmwr_week, mmwr_year) VALUES ('3/29/2025', 13, 2025);"
4/5/2025,14,2025,,,"INSERT INTO MMWR (week_ending, mmwr_week, mmwr_year) VALUES ('4/5/2025', 14, 2025);"
4/12/2025,15,2025,,,"INSERT INTO MMWR (week_ending, mmwr_week, mmwr_year) VALUES ('4/12/2025', 15, 2025);"
4/19/2025,16,2025,,,"INSERT INTO MMWR (week_ending, mmwr_week, mmwr_year) VALUES ('4/19/2025', 16, 2025);"
4/26/2025,17,2025,,,"INSERT INTO MMWR (week_ending, mmwr_week, mmwr_year) VALUES ('4/26/2025', 17, 2025);"
5/3/2025,18,2025,,,"INSERT INTO MMWR (week_ending, mmwr_week, mmwr_year) VALUES ('5/3/2025', 18, 2025);"
5/10/2025,19,2025,,,"INSERT INTO MMWR (week_ending, mmwr_week, mmwr_year) VALUES ('5/10/2025', 19, 2025);"
5/17/2025,20,2025,,,"INSERT INTO MMWR (week_ending, mmwr_week, mmwr_year) VALUES ('5/17/2025', 20, 2025);"
5/24/2025,21,2025,,,"INSERT INTO MMWR (week_ending, mmwr_week, mmwr_year) VALUES ('5/24/2025', 21, 2025);"
5/31/2025,22,2025,,,"INSERT INTO MMWR (week_ending, mmwr_week, mmwr_year) VALUES ('5/31/2025', 22, 2025);"
6/7/2025,23,2025,,,"INSERT INTO MMWR (week_ending, mmwr_week, mmwr_year) VALUES ('6/7/2025', 23, 2025);"
6/14/2025,24,2025,,,"INSERT INTO MMWR (week_ending, mmwr_week, mmwr_year) VALUES ('6/14/2025', 24, 2025);"
6/21/2025,25,2025,,,"INSERT INTO MMWR (week_ending, mmwr_week, mmwr_year) VALUES ('6/21/2025', 25, 2025);"
6/28/2025,26,2025,,,"INSERT INTO MMWR (week_ending, mmwr_week, mmwr_year) VALUES ('6/28/2025', 26, 2025);"
7/5/2025,27,2025,,,"INSERT INTO MMWR (week_ending, mmwr_week, mmwr_year) VALUES ('7/5/2025', 27, 2025);"
7/12/2025,28,2025,,,"INSERT INTO MMWR (week_ending, mmwr_week, mmwr_year) VALUES ('7/12/2025', 28, 2025);"
7/19/2025,29,2025,,,"INSERT INTO MMWR (week_ending, mmwr_week, mmwr_year) VALUES ('7/19/2025', 29, 2025);"
7/26/2025,30,2025,,,"INSERT INTO MMWR (week_ending, mmwr_week, mmwr_year) VALUES ('7/26/2025', 30, 2025);"
8/2/2025,31,2025,,,"INSERT INTO MMWR (week_ending, mmwr_week, mmwr_year) VALUES ('8/2/2025', 31, 2025);"
8/9/2025,32,2025,,,"INSERT INTO MMWR (week_ending, mmwr_week, mmwr_year) VALUES ('8/9/2025', 32, 2025);"
8/16/2025,33,2025,,,"INSERT INTO MMWR (week_ending, mmwr_week, mmwr_year) VALUES ('8/16/2025', 33, 2025);"
8/23/2025,34,2025,,,"INSERT INTO MMWR (week_ending, mmwr_week, mmwr_year) VALUES ('8/23/2025', 34, 2025);"
8/30/2025,35,2025,,,"INSERT INTO MMWR (week_ending, mmwr_week, mmwr_year) VALUES ('8/30/2025', 35, 2025);"
9/6/2025,36,2025,,,"INSERT INTO MMWR (week_ending, mmwr_week, mmwr_year) VALUES ('9/6/2025', 36, 2025);"
9/13/2025,37,2025,,,"INSERT INTO MMWR (week_ending, mmwr_week, mmwr_year) VALUES ('9/13/2025', 37, 2025);"
9/20/2025,38,2025,,,"INSERT INTO MMWR (week_ending, mmwr_week, mmwr_year) VALUES ('9/20/2025', 38, 2025);"
9/27/2025,39,2025,,,"INSERT INTO MMWR (week_ending, mmwr_week, mmwr_year) VALUES ('9/27/2025', 39, 2025);"
10/4/2025,40,2025,,,"INSERT INTO MMWR (week_ending, mmwr_week, mmwr_year) VALUES ('10/4/2025', 40, 2025);"
10/11/2025,41,2025,,,"INSERT INTO MMWR (week_ending, mmwr_week, mmwr_year) VALUES ('10/11/2025', 41, 2025);"
10/18/2025,42,2025,,,"INSERT INTO MMWR (week_ending, mmwr_week, mmwr_year) VALUES ('10/18/2025', 42, 2025);"
10/25/2025,43,2025,,,"INSERT INTO MMWR (week_ending, mmwr_week, mmwr_year) VALUES ('10/25/2025', 43, 2025);"
11/1/2025,44,2025,,,"INSERT INTO MMWR (week_ending, mmwr_week, mmwr_year) VALUES ('11/1/2025', 44, 2025);"
11/8/2025,45,2025,,,"INSERT INTO MMWR (week_ending, mmwr_week, mmwr_year) VALUES ('11/8/2025', 45, 2025);"
11/15/2025,46,2025,,,"INSERT INTO MMWR (week_ending, mmwr_week, mmwr_year) VALUES ('11/15/2025', 46, 2025);"
11/22/2025,47,2025,,,"INSERT INTO MMWR (week_ending, mmwr_week, mmwr_year) VALUES ('11/22/2025', 47, 2025);"
11/29/2025,48,2025,,,"INSERT INTO MMWR (week_ending, mmwr_week, mmwr_year) VALUES ('11/29/2025', 48, 2025);"
12/6/2025,49,2025,,,"INSERT INTO MMWR (week_ending, mmwr_week, mmwr_year) VALUES ('12/6/2025', 49, 2025);"
12/13/2025,50,2025,,,"INSERT INTO MMWR (week_ending, mmwr_week, mmwr_year) VALUES ('12/13/2025', 50, 2025);"
12/20/2025,51,2025,,,"INSERT INTO MMWR (week_ending, mmwr_week, mmwr_year) VALUES ('12/20/2025', 51, 2025);"
12/27/2025,52,2025,,,"INSERT INTO MMWR (week_ending, mmwr_week, mmwr_year) VALUES ('12/27/2025', 52, 2025);"
1/3/2026,53,2025,,,"INSERT INTO MMWR (week_ending, mmwr_week, mmwr_year) VALUES ('1/3/2026', 53, 2025);"
1/10/2026,1,2026,,,"INSERT INTO MMWR (week_ending, mmwr_week, mmwr_year) VALUES ('1/10/2026', 1, 2026);"
1/17/2026,2,2026,,,"INSERT INTO MMWR (week_ending, mmwr_week, mmwr_year) VALUES ('1/17/2026', 2, 2026);"
1/24/2026,3,2026,,,"INSERT INTO MMWR (week_ending, mmwr_week, mmwr_year) VALUES ('1/24/2026', 3, 2026);"
1/31/2026,4,2026,,,"INSERT INTO MMWR (week_ending, mmwr_week, mmwr_year) VALUES ('1/31/2026', 4, 2026);"
2/7/2026,5,2026,,,"INSERT INTO MMWR (week_ending, mmwr_week, mmwr_year) VALUES ('2/7/2026', 5, 2026);"
2/14/2026,6,2026,,,"INSERT INTO MMWR (week_ending, mmwr_week, mmwr_year) VALUES ('2/14/2026', 6, 2026);"
2/21/2026,7,2026,,,"INSERT INTO MMWR (week_ending, mmwr_week, mmwr_year) VALUES ('2/21/2026', 7, 2026);"
2/28/2026,8,2026,,,"INSERT INTO MMWR (week_ending, mmwr_week, mmwr_year) VALUES ('2/28/2026', 8, 2026);"
3/7/2026,9,2026,,,"INSERT INTO MMWR (week_ending, mmwr_week, mmwr_year) VALUES ('3/7/2026', 9, 2026);"
3/14/2026,10,2026,,,"INSERT INTO MMWR (week_ending, mmwr_week, mmwr_year) VALUES ('3/14/2026', 10, 2026);"
3/21/2026,11,2026,,,"INSERT INTO MMWR (week_ending, mmwr_week, mmwr_year) VALUES ('3/21/2026', 11, 2026);"
3/28/2026,12,2026,,,"INSERT INTO MMWR (week_ending, mmwr_week, mmwr_year) VALUES ('3/28/2026', 12, 2026);"
4/4/2026,13,2026,,,"INSERT INTO MMWR (week_ending, mmwr_week, mmwr_year) VALUES ('4/4/2026', 13, 2026);"
4/11/2026,14,2026,,,"INSERT INTO MMWR (week_ending, mmwr_week, mmwr_year) VALUES ('4/11/2026', 14, 2026);"
4/18/2026,15,2026,,,"INSERT INTO MMWR (week_ending, mmwr_week, mmwr_year) VALUES ('4/18/2026', 15, 2026);"
4/25/2026,16,2026,,,"INSERT INTO MMWR (week_ending, mmwr_week, mmwr_year) VALUES ('4/25/2026', 16, 2026);"
5/2/2026,17,2026,,,"INSERT INTO MMWR (week_ending, mmwr_week, mmwr_year) VALUES ('5/2/2026', 17, 2026);"
5/9/2026,18,2026,,,"INSERT INTO MMWR (week_ending, mmwr_week, mmwr_year) VALUES ('5/9/2026', 18, 2026);"
5/16/2026,19,2026,,,"INSERT INTO MMWR (week_ending, mmwr_week, mmwr_year) VALUES ('5/16/2026', 19, 2026);"
5/23/2026,20,2026,,,"INSERT INTO MMWR (week_ending, mmwr_week, mmwr_year) VALUES ('5/23/2026', 20, 2026);"
5/30/2026,21,2026,,,"INSERT INTO MMWR (week_ending, mmwr_week, mmwr_year) VALUES ('5/30/2026', 21, 2026);"
6/6/2026,22,2026,,,"INSERT INTO MMWR (week_ending, mmwr_week, mmwr_year) VALUES ('6/6/2026', 22, 2026);"
6/13/2026,23,2026,,,"INSERT INTO MMWR (week_ending, mmwr_week, mmwr_year) VALUES ('6/13/2026', 23, 2026);"
6/20/2026,24,2026,,,"INSERT INTO MMWR (week_ending, mmwr_week, mmwr_year) VALUES ('6/20/2026', 24, 2026);"
6/27/2026,25,2026,,,"INSERT INTO MMWR (week_ending, mmwr_week, mmwr_year) VALUES ('6/27/2026', 25, 2026);"
7/4/2026,26,2026,,,"INSERT INTO MMWR (week_ending, mmwr_week, mmwr_year) VALUES ('7/4/2026', 26, 2026);"
7/11/2026,27,2026,,,"INSERT INTO MMWR (week_ending, mmwr_week, mmwr_year) VALUES ('7/11/2026', 27, 2026);"
7/18/2026,28,2026,,,"INSERT INTO MMWR (week_ending, mmwr_week, mmwr_year) VALUES ('7/18/2026', 28, 2026);"
7/25/2026,29,2026,,,"INSERT INTO MMWR (week_ending, mmwr_week, mmwr_year) VALUES ('7/25/2026', 29, 2026);"
8/1/2026,30,2026,,,"INSERT INTO MMWR (week_ending, mmwr_week, mmwr_year) VALUES ('8/1/2026', 30, 2026);"
8/8/2026,31,2026,,,"INSERT INTO MMWR (week_ending, mmwr_week, mmwr_year) VALUES ('8/8/2026', 31, 2026);"
8/15/2026,32,2026,,,"INSERT INTO MMWR (week_ending, mmwr_week, mmwr_year) VALUES ('8/15/2026', 32, 2026);"
8/22/2026,33,2026,,,"INSERT INTO MMWR (week_ending, mmwr_week, mmwr_year) VALUES ('8/22/2026', 33, 2026);"
8/29/2026,34,2026,,,"INSERT INTO MMWR (week_ending, mmwr_week, mmwr_year) VALUES ('8/29/2026', 34, 2026);"
9/5/2026,35,2026,,,"INSERT INTO MMWR (week_ending, mmwr_week, mmwr_year) VALUES ('9/5/2026', 35, 2026);"
9/12/2026,36,2026,,,"INSERT INTO MMWR (week_ending, mmwr_week, mmwr_year) VALUES ('9/12/2026', 36, 2026);"
9/19/2026,37,2026,,,"INSERT INTO MMWR (week_ending, mmwr_week, mmwr_year) VALUES ('9/19/2026', 37, 2026);"
9/26/2026,38,2026,,,"INSERT INTO MMWR (week_ending, mmwr_week, mmwr_year) VALUES ('9/26/2026', 38, 2026);"
10/3/2026,39,2026,,,"INSERT INTO MMWR (week_ending, mmwr_week, mmwr_year) VALUES ('10/3/2026', 39, 2026);"
10/10/2026,40,2026,,,"INSERT INTO MMWR (week_ending, mmwr_week, mmwr_year) VALUES ('10/10/2026', 40, 2026);"
10/17/2026,41,2026,,,"INSERT INTO MMWR (week_ending, mmwr_week, mmwr_year) VALUES ('10/17/2026', 41, 2026);"
10/24/2026,42,2026,,,"INSERT INTO MMWR (week_ending, mmwr_week, mmwr_year) VALUES ('10/24/2026', 42, 2026);"
10/31/2026,43,2026,,,"INSERT INTO MMWR (week_ending, mmwr_week, mmwr_year) VALUES ('10/31/2026', 43, 2026);"
11/7/2026,44,2026,,,"INSERT INTO MMWR (week_ending, mmwr_week, mmwr_year) VALUES ('11/7/2026', 44, 2026);"
11/14/2026,45,2026,,,"INSERT INTO MMWR (week_ending, mmwr_week, mmwr_year) VALUES ('11/14/2026', 45, 2026);"
11/21/2026,46,2026,,,"INSERT INTO MMWR (week_ending, mmwr_week, mmwr_year) VALUES ('11/21/2026', 46, 2026);"
11/28/2026,47,2026,,,"INSERT INTO MMWR (week_ending, mmwr_week, mmwr_year) VALUES ('11/28/2026', 47, 2026);"
12/5/2026,48,2026,,,"INSERT INTO MMWR (week_ending, mmwr_week, mmwr_year) VALUES ('12/5/2026', 48, 2026);"
12/12/2026,49,2026,,,"INSERT INTO MMWR (week_ending, mmwr_week, mmwr_year) VALUES ('12/12/2026', 49, 2026);"
12/19/2026,50,2026,,,"INSERT INTO MMWR (week_ending, mmwr_week, mmwr_year) VALUES ('12/19/2026', 50, 2026);"
12/26/2026,51,2026,,,"INSERT INTO MMWR (week_ending, mmwr_week, mmwr_year) VALUES ('12/26/2026', 51, 2026);"
1/2/2027,52,2026,,,"INSERT INTO MMWR (week_ending, mmwr_week, mmwr_year) VALUES ('1/2/2027', 52, 2026);"
1/9/2027,1,2027,,,"INSERT INTO MMWR (week_ending, mmwr_week, mmwr_year) VALUES ('1/9/2027', 1, 2027);"
1/16/2027,2,2027,,,"INSERT INTO MMWR (week_ending, mmwr_week, mmwr_year) VALUES ('1/16/2027', 2, 2027);"
1/23/2027,3,2027,,,"INSERT INTO MMWR (week_ending, mmwr_week, mmwr_year) VALUES ('1/23/2027', 3, 2027);"
1/30/2027,4,2027,,,"INSERT INTO MMWR (week_ending, mmwr_week, mmwr_year) VALUES ('1/30/2027', 4, 2027);"
2/6/2027,5,2027,,,"INSERT INTO MMWR (week_ending, mmwr_week, mmwr_year) VALUES ('2/6/2027', 5, 2027);"
2/13/2027,6,2027,,,"INSERT INTO MMWR (week_ending, mmwr_week, mmwr_year) VALUES ('2/13/2027', 6, 2027);"
2/20/2027,7,2027,,,"INSERT INTO MMWR (week_ending, mmwr_week, mmwr_year) VALUES ('2/20/2027', 7, 2027);"
2/27/2027,8,2027,,,"INSERT INTO MMWR (week_ending, mmwr_week, mmwr_year) VALUES ('2/27/2027', 8, 2027);"
3/6/2027,9,2027,,,"INSERT INTO MMWR (week_ending, mmwr_week, mmwr_year) VALUES ('3/6/2027', 9, 2027);"
3/13/2027,10,2027,,,"INSERT INTO MMWR (week_ending, mmwr_week, mmwr_year) VALUES ('3/13/2027', 10, 2027);"
3/20/2027,11,2027,,,"INSERT INTO MMWR (week_ending, mmwr_week, mmwr_year) VALUES ('3/20/2027', 11, 2027);"
3/27/2027,12,2027,,,"INSERT INTO MMWR (week_ending, mmwr_week, mmwr_year) VALUES ('3/27/2027', 12, 2027);"
4/3/2027,13,2027,,,"INSERT INTO MMWR (week_ending, mmwr_week, mmwr_year) VALUES ('4/3/2027', 13, 2027);"
4/10/2027,14,2027,,,"INSERT INTO MMWR (week_ending, mmwr_week, mmwr_year) VALUES ('4/10/2027', 14, 2027);"
4/17/2027,15,2027,,,"INSERT INTO MMWR (week_ending, mmwr_week, mmwr_year) VALUES ('4/17/2027', 15, 2027);"
4/24/2027,16,2027,,,"INSERT INTO MMWR (week_ending, mmwr_week, mmwr_year) VALUES ('4/24/2027', 16, 2027);"
5/1/2027,17,2027,,,"INSERT INTO MMWR (week_ending, mmwr_week, mmwr_year) VALUES ('5/1/2027', 17, 2027);"
5/8/2027,18,2027,,,"INSERT INTO MMWR (week_ending, mmwr_week, mmwr_year) VALUES ('5/8/2027', 18, 2027);"
5/15/2027,19,2027,,,"INSERT INTO MMWR (week_ending, mmwr_week, mmwr_year) VALUES ('5/15/2027', 19, 2027);"
5/22/2027,20,2027,,,"INSERT INTO MMWR (week_ending, mmwr_week, mmwr_year) VALUES ('5/22/2027', 20, 2027);"
5/29/2027,21,2027,,,"INSERT INTO MMWR (week_ending, mmwr_week, mmwr_year) VALUES ('5/29/2027', 21, 2027);"
6/5/2027,22,2027,,,"INSERT INTO MMWR (week_ending, mmwr_week, mmwr_year) VALUES ('6/5/2027', 22, 2027);"
6/12/2027,23,2027,,,"INSERT INTO MMWR (week_ending, mmwr_week, mmwr_year) VALUES ('6/12/2027', 23, 2027);"
6/19/2027,24,2027,,,"INSERT INTO MMWR (week_ending, mmwr_week, mmwr_year) VALUES ('6/19/2027', 24, 2027);"
6/26/2027,25,2027,,,"INSERT INTO MMWR (week_ending, mmwr_week, mmwr_year) VALUES ('6/26/2027', 25, 2027);"
7/3/2027,26,2027,,,"INSERT INTO MMWR (week_ending, mmwr_week, mmwr_year) VALUES ('7/3/2027', 26, 2027);"
7/10/2027,27,2027,,,"INSERT INTO MMWR (week_ending, mmwr_week, mmwr_year) VALUES ('7/10/2027', 27, 2027);"
7/17/2027,28,2027,,,"INSERT INTO MMWR (week_ending, mmwr_week, mmwr_year) VALUES ('7/17/2027', 28, 2027);"
7/24/2027,29,2027,,,"INSERT INTO MMWR (week_ending, mmwr_week, mmwr_year) VALUES ('7/24/2027', 29, 2027);"
7/31/2027,30,2027,,,"INSERT INTO MMWR (week_ending, mmwr_week, mmwr_year) VALUES ('7/31/2027', 30, 2027);"
8/7/2027,31,2027,,,"INSERT INTO MMWR (week_ending, mmwr_week, mmwr_year) VALUES ('8/7/2027', 31, 2027);"
8/14/2027,32,2027,,,"INSERT INTO MMWR (week_ending, mmwr_week, mmwr_year) VALUES ('8/14/2027', 32, 2027);"
8/21/2027,33,2027,,,"INSERT INTO MMWR (week_ending, mmwr_week, mmwr_year) VALUES ('8/21/2027', 33, 2027);"
8/28/2027,34,2027,,,"INSERT INTO MMWR (week_ending, mmwr_week, mmwr_year) VALUES ('8/28/2027', 34, 2027);"
9/4/2027,35,2027,,,"INSERT INTO MMWR (week_ending, mmwr_week, mmwr_year) VALUES ('9/4/2027', 35, 2027);"
9/11/2027,36,2027,,,"INSERT INTO MMWR (week_ending, mmwr_week, mmwr_year) VALUES ('9/11/2027', 36, 2027);"
9/18/2027,37,2027,,,"INSERT INTO MMWR (week_ending, mmwr_week, mmwr_year) VALUES ('9/18/2027', 37, 2027);"
9/25/2027,38,2027,,,"INSERT INTO MMWR (week_ending, mmwr_week, mmwr_year) VALUES ('9/25/2027', 38, 2027);"
10/2/2027,39,2027,,,"INSERT INTO MMWR (week_ending, mmwr_week, mmwr_year) VALUES ('10/2/2027', 39, 2027);"
10/9/2027,40,2027,,,"INSERT INTO MMWR (week_ending, mmwr_week, mmwr_year) VALUES ('10/9/2027', 40, 2027);"
10/16/2027,41,2027,,,"INSERT INTO MMWR (week_ending, mmwr_week, mmwr_year) VALUES ('10/16/2027', 41, 2027);"
10/23/2027,42,2027,,,"INSERT INTO MMWR (week_ending, mmwr_week, mmwr_year) VALUES ('10/23/2027', 42, 2027);"
10/30/2027,43,2027,,,"INSERT INTO MMWR (week_ending, mmwr_week, mmwr_year) VALUES ('10/30/2027', 43, 2027);"
11/6/2027,44,2027,,,"INSERT INTO MMWR (week_ending, mmwr_week, mmwr_year) VALUES ('11/6/2027', 44, 2027);"
11/13/2027,45,2027,,,"INSERT INTO MMWR (week_ending, mmwr_week, mmwr_year) VALUES ('11/13/2027', 45, 2027);"
11/20/2027,46,2027,,,"INSERT INTO MMWR (week_ending, mmwr_week, mmwr_year) VALUES ('11/20/2027', 46, 2027);"
11/27/2027,47,2027,,,"INSERT INTO MMWR (week_ending, mmwr_week, mmwr_year) VALUES ('11/27/2027', 47, 2027);"
12/4/2027,48,2027,,,"INSERT INTO MMWR (week_ending, mmwr_week, mmwr_year) VALUES ('12/4/2027', 48, 2027);"
12/11/2027,49,2027,,,"INSERT INTO MMWR (week_ending, mmwr_week, mmwr_year) VALUES ('12/11/2027', 49, 2027);"
12/18/2027,50,2027,,,"INSERT INTO MMWR (week_ending, mmwr_week, mmwr_year) VALUES ('12/18/2027', 50, 2027);"
12/25/2027,51,2027,,,"INSERT INTO MMWR (week_ending, mmwr_week, mmwr_year) VALUES ('12/25/2027', 51, 2027);"
1/1/2028,52,2027,,,"INSERT INTO MMWR (week_ending, mmwr_week, mmwr_year) VALUES ('1/1/2028', 52, 2027);"
